method,method_disp,method_order,kind,circuit_label,circuit_idx,start,dur,end,offset,bar
FullCompilation,FullComp,0,run,QAOA-3reg_q13_d4,0,0.0,0.05116439999983413,0.05116439999983413,0.0,0.05116439999983413
FullCompilation,FullComp,0,run,QSIM-XXZ_q5_d2,1,0.05116439999983413,0.025546300003043143,0.07671070000287727,0.05116439999983413,0.025546300003043143
FullCompilation,FullComp,0,run,QSIM-XXZ_q5_d8,2,0.07671070000287727,0.03564369999730843,0.1123544000001857,0.07671070000287727,0.03564369999730843
FullCompilation,FullComp,0,run,GHZ-Chain_q5_d8,3,0.1123544000001857,0.022740199998224853,0.13509459999841056,0.1123544000001857,0.022740199998224853
FullCompilation,FullComp,0,run,QSIM-XXZ_q5_d6,4,0.13509459999841056,0.03363059999901452,0.16872519999742508,0.13509459999841056,0.03363059999901452
FullCompilation,FullComp,0,run,QAOA-3reg_q15_d2,5,0.16872519999742508,0.0378091000020504,0.20653429999947548,0.16872519999742508,0.0378091000020504
FullCompilation,FullComp,0,run,QAOA-3reg_q15_d6,6,0.20653429999947548,0.15020889999868814,0.3567431999981636,0.20653429999947548,0.15020889999868814
FullCompilation,FullComp,0,run,QSIM-XXZ_q7_d2,7,0.3567431999981636,0.05473779999738326,0.4114809999955469,0.3567431999981636,0.05473779999738326
FullCompilation,FullComp,0,run,QAOA-3reg_q15_d2,5,0.4114809999955469,0.05461700000159908,0.46609799999714596,0.4114809999955469,0.05461700000159908
FullCompilation,FullComp,0,run,QSIM-XXZ_q15_d4,8,0.46609799999714596,0.08735950000118464,0.5534574999983306,0.46609799999714596,0.08735950000118464
FullCompilation,FullComp,0,run,LinearEnt_q11_d6,9,0.5534574999983306,0.0786435000009078,0.6321009999992384,0.5534574999983306,0.0786435000009078
FullCompilation,FullComp,0,run,QAOA-3reg_q7_d2,10,0.6321009999992384,0.03727360000266344,0.6693746000019019,0.6321009999992384,0.03727360000266344
FullCompilation,FullComp,0,run,QAOA-3reg_q15_d2,5,0.6693746000019019,0.039498800000728806,0.7088734000026307,0.6693746000019019,0.039498800000728806
FullCompilation,FullComp,0,run,VQE-Full_q5_d8,11,0.7088734000026307,0.05314849999922444,0.7620219000018551,0.7088734000026307,0.05314849999922444
FullCompilation,FullComp,0,run,VQE-Full_q13_d6,12,0.7620219000018551,0.05400310000186437,0.8160250000037195,0.7620219000018551,0.05400310000186437
FullCompilation,FullComp,0,run,RCA_q13_d2,13,0.8160250000037195,0.027699800000846153,0.8437248000045656,0.8160250000037195,0.027699800000846153
FullCompilation,FullComp,0,run,QAOA-3reg_q15_d6,6,0.8437248000045656,0.0593287000010605,0.9030535000056261,0.8437248000045656,0.0593287000010605
FullCompilation,FullComp,0,run,QSIM-XXZ_q5_d8,2,0.9030535000056261,0.0679803000020911,0.9710338000077172,0.9030535000056261,0.0679803000020911
FullCompilation,FullComp,0,run,GHZ-Chain_q15_d2,14,0.9710338000077172,0.04163559999506106,1.0126694000027783,0.9710338000077172,0.04163559999506106
FullCompilation,FullComp,0,run,LinearEnt_q11_d6,9,1.0126694000027783,0.07637360000080662,1.089043000003585,1.0126694000027783,0.07637360000080662
FullCompilation,FullComp,0,run,QSIM-XXZ_q5_d8,2,1.089043000003585,0.0423317999993742,1.131374800002959,1.089043000003585,0.0423317999993742
FullCompilation,FullComp,0,run,QSIM-XXZ_q5_d6,4,1.131374800002959,0.03273379999882309,1.1641086000017822,1.131374800002959,0.03273379999882309
FullCompilation,FullComp,0,run,VQE-Full_q11_d4,15,1.1641086000017822,0.02979120000236435,1.1938998000041465,1.1641086000017822,0.02979120000236435
FullCompilation,FullComp,0,run,GHZ-Chain_q13_d2,16,1.1938998000041465,0.02591960000063409,1.2198194000047806,1.1938998000041465,0.02591960000063409
FullCompilation,FullComp,0,run,GHZ-Chain_q5_d8,3,1.2198194000047806,0.023354299999482464,1.243173700004263,1.2198194000047806,0.023354299999482464
FullCompilation,FullComp,0,run,GHZ-Chain_q5_d2,17,1.243173700004263,0.022365399996488122,1.2655391000007512,1.243173700004263,0.022365399996488122
FullCompilation,FullComp,0,run,QSIM-XXZ_q11_d2,18,1.2655391000007512,0.03244279999853461,1.2979818999992858,1.2655391000007512,0.03244279999853461
FullCompilation,FullComp,0,run,LinearEnt_q13_d6,19,1.2979818999992858,0.04246269999930519,1.340444599998591,1.2979818999992858,0.04246269999930519
FullCompilation,FullComp,0,run,QAOA-3reg_q15_d6,6,1.340444599998591,0.05822759999864502,1.398672199997236,1.340444599998591,0.05822759999864502
FullCompilation,FullComp,0,run,QAOA-3reg_q13_d2,20,1.398672199997236,0.0697031000017887,1.4683752999990247,1.398672199997236,0.0697031000017887
FullCompilation,FullComp,0,run,QAOA-3reg_q15_d6,6,1.4683752999990247,0.067170400001487,1.5355457000005117,1.4683752999990247,0.067170400001487
FullCompilation,FullComp,0,run,LinearEnt_q15_d4,21,1.5355457000005117,0.07572470000013709,1.6112704000006488,1.5355457000005117,0.07572470000013709
FullCompilation,FullComp,0,run,QSIM-XXZ_q5_d8,2,1.6112704000006488,0.06738659999973606,1.6786570000003849,1.6112704000006488,0.06738659999973606
FullCompilation,FullComp,0,run,LinearEnt_q15_d4,21,1.6786570000003849,0.055114200000389246,1.7337712000007741,1.6786570000003849,0.055114200000389246
FullCompilation,FullComp,0,run,LinearEnt_q13_d6,19,1.7337712000007741,0.08371560000159661,1.8174868000023707,1.7337712000007741,0.08371560000159661
FullCompilation,FullComp,0,run,QSIM-XXZ_q7_d2,7,1.8174868000023707,0.03304329999809852,1.8505301000004692,1.8174868000023707,0.03304329999809852
FullCompilation,FullComp,0,run,GHZ-Chain_q15_d2,14,1.8505301000004692,0.024270799996884307,1.8748008999973536,1.8505301000004692,0.024270799996884307
FullCompilation,FullComp,0,run,LinearEnt_q15_d4,21,1.8748008999973536,0.07654699999693548,1.951347899994289,1.8748008999973536,0.07654699999693548
FullCompilation,FullComp,0,run,QAOA-3reg_q7_d4,22,1.951347899994289,0.06643410000106087,2.01778199999535,1.951347899994289,0.06643410000106087
FullCompilation,FullComp,0,run,LinearEnt_q11_d6,9,2.01778199999535,0.05451309999989462,2.0722950999952445,2.01778199999535,0.05451309999989462
FullCompilation,FullComp,0,run,LinearEnt_q5_d4,23,2.0722950999952445,0.029083399997034576,2.101378499992279,2.0722950999952445,0.029083399997034576
FullCompilation,FullComp,0,run,GHZ-Chain_q13_d2,16,2.101378499992279,0.024965300002804724,2.126343799995084,2.101378499992279,0.024965300002804724
FullCompilation,FullComp,0,run,GHZ-Chain_q7_d2,24,2.126343799995084,0.024711899997782893,2.1510556999928667,2.126343799995084,0.024711899997782893
FullCompilation,FullComp,0,run,GHZ-Chain_q13_d8,25,2.1510556999928667,0.02993419999984326,2.18098989999271,2.1510556999928667,0.02993419999984326
FullCompilation,FullComp,0,run,QSIM-XXZ_q5_d6,4,2.18098989999271,0.03337029999966035,2.2143601999923703,2.18098989999271,0.03337029999966035
FullCompilation,FullComp,0,run,VQE-Full_q7_d4,26,2.2143601999923703,0.02962169999955222,2.2439818999919225,2.2143601999923703,0.02962169999955222
FullCompilation,FullComp,0,run,GHZ-Chain_q5_d2,17,2.2439818999919225,0.023573600003146566,2.267555499995069,2.2439818999919225,0.023573600003146566
FullCompilation,FullComp,0,run,VQE-Full_q5_d2,27,2.267555499995069,0.024964600001112558,2.2925200999961817,2.267555499995069,0.024964600001112558
FullCompilation,FullComp,0,run,VQE-Full_q11_d4,15,2.2925200999961817,0.02743900000132271,2.3199590999975044,2.2925200999961817,0.02743900000132271
FullCompilation,FullComp,0,run,VQE-Full_q11_d2,28,2.3199590999975044,0.02519919999758713,2.3451582999950915,2.3199590999975044,0.02519919999758713
FullCompilation,FullComp,0,run,QSIM-XXZ_q5_d4,29,2.3451582999950915,0.03027490000022226,2.3754331999953138,2.3451582999950915,0.03027490000022226
FullCompilation,FullComp,0,run,QAOA-3reg_q7_d2,10,2.3754331999953138,0.028698799997073365,2.404131999992387,2.3754331999953138,0.028698799997073365
FullCompilation,FullComp,0,run,GHZ-Chain_q5_d2,17,2.404131999992387,0.02438550000078976,2.428517499993177,2.404131999992387,0.02438550000078976
FullCompilation,FullComp,0,run,QSIM-XXZ_q7_d6,30,2.428517499993177,0.034994300000107614,2.4635117999932845,2.428517499993177,0.034994300000107614
FullCompilation,FullComp,0,run,RCA_q11_d8,31,2.4635117999932845,0.03312020000157645,2.496631999994861,2.4635117999932845,0.03312020000157645
FullCompilation,FullComp,0,run,QSIM-XXZ_q7_d8,32,2.496631999994861,0.03926839999985532,2.5359003999947163,2.496631999994861,0.03926839999985532
FullCompilation,FullComp,0,run,RCA_q15_d2,33,2.5359003999947163,0.03010569999969448,2.5660060999944108,2.5359003999947163,0.03010569999969448
FullCompilation,FullComp,0,run,QAOA-3reg_q13_d2,20,2.5660060999944108,0.06975620000230265,2.6357622999967134,2.5660060999944108,0.06975620000230265
FullCompilation,FullComp,0,run,RCA_q7_d2,34,2.6357622999967134,0.04182480000235955,2.677587099999073,2.6357622999967134,0.04182480000235955
FullCompilation,FullComp,0,run,QAOA-3reg_q15_d2,5,2.677587099999073,0.03720699999757926,2.714794099996652,2.677587099999073,0.03720699999757926
FullCompilation,FullComp,0,run,VQE-Full_q11_d4,15,2.714794099996652,0.0581034999959229,2.772897599992575,2.714794099996652,0.0581034999959229
FullCompilation,FullComp,0,run,QSIM-XXZ_q13_d6,35,2.772897599992575,0.07575960000394844,2.8486571999965236,2.772897599992575,0.07575960000394844
FullCompilation,FullComp,0,run,GHZ-Chain_q11_d8,36,2.8486571999965236,0.026400200000352925,2.8750573999968765,2.8486571999965236,0.026400200000352925
FullCompilation,FullComp,0,run,GHZ-Chain_q11_d2,37,2.8750573999968765,0.02240679999886197,2.8974641999957385,2.8750573999968765,0.02240679999886197
FullCompilation,FullComp,0,run,QSIM-XXZ_q7_d6,30,2.8974641999957385,0.038079299996752525,2.935543499992491,2.8974641999957385,0.038079299996752525
FullCompilation,FullComp,0,run,LinearEnt_q5_d2,38,2.935543499992491,0.024302400001033675,2.9598458999935247,2.935543499992491,0.024302400001033675
FullCompilation,FullComp,0,run,VQE-Full_q11_d2,28,2.9598458999935247,0.027636400001938455,2.987482299995463,2.9598458999935247,0.027636400001938455
FullCompilation,FullComp,0,run,QAOA-3reg_q13_d2,20,2.987482299995463,0.03727900000012596,3.024761299995589,2.987482299995463,0.03727900000012596
FullCompilation,FullComp,0,run,GHZ-Chain_q15_d8,39,3.024761299995589,0.027938100003666477,3.0526993999992555,3.024761299995589,0.027938100003666477
FullCompilation,FullComp,0,run,QSIM-XXZ_q7_d8,32,3.0526993999992555,0.07635870000012801,3.1290580999993836,3.0526993999992555,0.07635870000012801
FullCompilation,FullComp,0,run,RCA_q11_d4,40,3.1290580999993836,0.03941389999818057,3.168471999997564,3.1290580999993836,0.03941389999818057
FullCompilation,FullComp,0,run,LinearEnt_q11_d6,9,3.168471999997564,0.03975910000008298,3.208231099997647,3.168471999997564,0.03975910000008298
FullCompilation,FullComp,0,run,QAOA-3reg_q7_d8,41,3.208231099997647,0.04268500000034692,3.250916099997994,3.208231099997647,0.04268500000034692
FullCompilation,FullComp,0,run,VQE-Full_q11_d8,42,3.250916099997994,0.03412580000440357,3.2850419000023976,3.250916099997994,0.03412580000440357
FullCompilation,FullComp,0,run,LinearEnt_q5_d4,23,3.2850419000023976,0.03125419999923906,3.3162961000016367,3.2850419000023976,0.03125419999923906
FullCompilation,FullComp,0,run,VQE-Full_q11_d4,15,3.3162961000016367,0.03769519999696058,3.3539912999985972,3.3162961000016367,0.03769519999696058
FullCompilation,FullComp,0,run,QAOA-3reg_q13_d2,20,3.3539912999985972,0.04858299999978044,3.4025742999983777,3.3539912999985972,0.04858299999978044
FullCompilation,FullComp,0,run,QSIM-XXZ_q13_d6,35,3.4025742999983777,0.13275470000007772,3.5353289999984554,3.4025742999983777,0.13275470000007772
FullCompilation,FullComp,0,run,QSIM-XXZ_q7_d8,32,3.5353289999984554,0.06436939999912283,3.5996983999975782,3.5353289999984554,0.06436939999912283
FullCompilation,FullComp,0,run,RCA_q7_d4,43,3.5996983999975782,0.037822700000106124,3.6375210999976844,3.5996983999975782,0.037822700000106124
FullCompilation,FullComp,0,run,GHZ-Chain_q5_d2,17,3.6375210999976844,0.033235599996260135,3.6707566999939445,3.6375210999976844,0.033235599996260135
FullCompilation,FullComp,0,run,QSIM-XXZ_q13_d6,35,3.6707566999939445,0.06935750000047847,3.740114199994423,3.6707566999939445,0.06935750000047847
FullCompilation,FullComp,0,run,LinearEnt_q5_d4,23,3.740114199994423,0.03242619999946328,3.7725403999938862,3.740114199994423,0.03242619999946328
FullCompilation,FullComp,0,run,VQE-Full_q11_d4,15,3.7725403999938862,0.3058587000014086,4.078399099995295,3.7725403999938862,0.3058587000014086
FullCompilation,FullComp,0,run,VQE-Full_q7_d4,26,4.078399099995295,0.07887549999941257,4.157274599994707,4.078399099995295,0.07887549999941257
FullCompilation,FullComp,0,run,RCA_q15_d2,33,4.157274599994707,0.06589830000302754,4.223172899997735,4.157274599994707,0.06589830000302754
FullCompilation,FullComp,0,run,LinearEnt_q15_d8,44,4.223172899997735,0.12236750000010943,4.345540399997844,4.223172899997735,0.12236750000010943
FullCompilation,FullComp,0,run,VQE-Full_q7_d4,26,4.345540399997844,0.06783429999632062,4.413374699994165,4.345540399997844,0.06783429999632062
FullCompilation,FullComp,0,run,QFT-Like_q15_d6,45,4.413374699994165,0.21619540000028792,4.629570099994453,4.413374699994165,0.21619540000028792
FullCompilation,FullComp,0,run,GHZ-Chain_q7_d6,46,4.629570099994453,0.05797489999895333,4.687544999993406,4.629570099994453,0.05797489999895333
FullCompilation,FullComp,0,run,QAOA-3reg_q15_d2,5,4.687544999993406,0.06016309999904479,4.747708099992451,4.687544999993406,0.06016309999904479
FullCompilation,FullComp,0,run,GHZ-Chain_q15_d2,14,4.747708099992451,0.0593349999981001,4.807043099990551,4.747708099992451,0.0593349999981001
FullCompilation,FullComp,0,run,GHZ-Chain_q13_d4,47,4.807043099990551,0.060868099997605896,4.867911199988157,4.807043099990551,0.060868099997605896
FullCompilation,FullComp,0,run,QSIM-XXZ_q5_d8,2,4.867911199988157,0.05477470000187168,4.922685899990029,4.867911199988157,0.05477470000187168
FullCompilation,FullComp,0,run,QSIM-XXZ_q5_d4,29,4.922685899990029,0.03176029999667662,4.954446199986705,4.922685899990029,0.03176029999667662
FullCompilation,FullComp,0,run,QSIM-XXZ_q7_d8,32,4.954446199986705,0.04758379999839235,5.002029999985098,4.954446199986705,0.04758379999839235
FullCompilation,FullComp,0,run,QFT-Like_q5_d6,48,5.002029999985098,0.032446699995489325,5.034476699980587,5.002029999985098,0.032446699995489325
FullCompilation,FullComp,0,run,LinearEnt_q15_d4,21,5.034476699980587,0.03935490000003483,5.073831599980622,5.034476699980587,0.03935490000003483
FullCompilation,FullComp,0,run,QSIM-XXZ_q5_d6,4,5.073831599980622,0.06589720000192756,5.139728799982549,5.073831599980622,0.06589720000192756
FullCompilation,FullComp,0,run,RCA_q5_d2,49,5.139728799982549,0.041229199996450916,5.180957999979,5.139728799982549,0.041229199996450916
FullCompilation,FullComp,0,run,QSIM-XXZ_q11_d6,50,5.180957999979,0.04917270000078133,5.230130699979782,5.180957999979,0.04917270000078133
FullCompilation,FullComp,0,run,QSIM-XXZ_q7_d8,32,5.230130699979782,0.04110229999787407,5.271232999977656,5.230130699979782,0.04110229999787407
FullCompilation,FullComp,0,run,LinearEnt_q15_d4,21,5.271232999977656,0.04236660000242409,5.31359959998008,5.271232999977656,0.04236660000242409
FullCompilation,FullComp,0,run,VQE-Full_q5_d6,51,5.31359959998008,0.0536257999992813,5.367225399979361,5.31359959998008,0.0536257999992813
FullCompilation,FullComp,0,run,LinearEnt_q7_d6,52,5.367225399979361,0.05437259999962407,5.421597999978985,5.367225399979361,0.05437259999962407
FullCompilation,FullComp,0,run,VQE-Full_q13_d2,53,5.421597999978985,0.028379899998981273,5.4499778999779664,5.421597999978985,0.028379899998981273
FullCompilation,FullComp,0,run,QAOA-3reg_q15_d6,6,5.4499778999779664,0.05892379999932018,5.508901699977287,5.4499778999779664,0.05892379999932018
FullCompilation,FullComp,0,run,QAOA-3reg_q7_d2,10,5.508901699977287,0.0570557999999437,5.56595749997723,5.508901699977287,0.0570557999999437
FullCompilation,FullComp,0,run,VQE-Full_q13_d4,54,5.56595749997723,0.049875400000019,5.615832899977249,5.56595749997723,0.049875400000019
FullCompilation,FullComp,0,run,LinearEnt_q5_d6,55,5.615832899977249,0.029096199999912642,5.644929099977162,5.615832899977249,0.029096199999912642
FullCompilation,FullComp,0,run,RCA_q13_d6,56,5.644929099977162,0.033017499998095445,5.677946599975257,5.644929099977162,0.033017499998095445
FullCompilation,FullComp,0,run,GHZ-Chain_q7_d4,57,5.677946599975257,0.02440270000079181,5.702349299976049,5.677946599975257,0.02440270000079181
FullCompilation,FullComp,0,run,QFT-Like_q7_d2,58,5.702349299976049,0.03501799999867217,5.737367299974721,5.702349299976049,0.03501799999867217
FullCompilation,FullComp,0,run,QSIM-XXZ_q5_d8,2,5.737367299974721,0.033825799997430295,5.771193099972152,5.737367299974721,0.033825799997430295
FullCompilation,FullComp,0,run,QFT-Like_q7_d6,59,5.771193099972152,0.0838383000009344,5.855031399973086,5.771193099972152,0.0838383000009344
FullCompilation,FullComp,0,run,GHZ-Chain_q7_d6,46,5.855031399973086,0.02561280000008992,5.880644199973176,5.855031399973086,0.02561280000008992
FullCompilation,FullComp,0,run,QAOA-3reg_q13_d2,20,5.880644199973176,0.03834099999949103,5.918985199972667,5.880644199973176,0.03834099999949103
FullCompilation,FullComp,0,run,QSIM-XXZ_q11_d6,50,5.918985199972667,0.04750649999914458,5.966491699971812,5.918985199972667,0.04750649999914458
FullCompilation,FullComp,0,run,QSIM-XXZ_q13_d6,35,5.966491699971812,0.05859650000274996,6.025088199974562,5.966491699971812,0.05859650000274996
FullCompilation,FullComp,0,run,LinearEnt_q7_d4,60,6.025088199974562,0.03380990000005113,6.058898099974613,6.025088199974562,0.03380990000005113
FullCompilation,FullComp,0,run,VQE-Full_q15_d8,61,6.058898099974613,0.04220509999868227,6.101103199973295,6.058898099974613,0.04220509999868227
FullCompilation,FullComp,0,run,QSIM-XXZ_q11_d6,50,6.101103199973295,0.08745009999984177,6.188553299973137,6.101103199973295,0.08745009999984177
FullCompilation,FullComp,0,run,QFT-Like_q13_d4,62,6.188553299973137,0.09886630000255536,6.287419599975692,6.188553299973137,0.09886630000255536
FullCompilation,FullComp,0,run,VQE-Full_q13_d4,54,6.287419599975692,0.03226920000088285,6.319688799976575,6.287419599975692,0.03226920000088285
FullCompilation,FullComp,0,run,QFT-Like_q5_d6,48,6.319688799976575,0.031283000000257744,6.350971799976833,6.319688799976575,0.031283000000257744
FullCompilation,FullComp,0,run,QSIM-XXZ_q5_d4,29,6.350971799976833,0.03245170000081998,6.383423499977653,6.350971799976833,0.03245170000081998
FullCompilation,FullComp,0,run,QFT-Like_q11_d2,63,6.383423499977653,0.0543963000018266,6.437819799979479,6.383423499977653,0.0543963000018266
FullCompilation,FullComp,0,run,LinearEnt_q11_d6,9,6.437819799979479,0.040114099996571895,6.477933899976051,6.437819799979479,0.040114099996571895
FullCompilation,FullComp,0,run,QSIM-XXZ_q7_d2,7,6.477933899976051,0.02819179999642074,6.506125699972472,6.477933899976051,0.02819179999642074
FullCompilation,FullComp,0,run,QSIM-XXZ_q5_d6,4,6.506125699972472,0.032620699999824865,6.538746399972297,6.506125699972472,0.032620699999824865
FullCompilation,FullComp,0,run,VQE-Full_q11_d4,15,6.538746399972297,0.02994079999916721,6.568687199971464,6.538746399972297,0.02994079999916721
FullCompilation,FullComp,0,run,LinearEnt_q13_d4,64,6.568687199971464,0.0392682000019704,6.607955399973434,6.568687199971464,0.0392682000019704
FullCompilation,FullComp,0,run,QSIM-XXZ_q5_d8,2,6.607955399973434,0.03346879999662633,6.641424199970061,6.607955399973434,0.03346879999662633
FullCompilation,FullComp,0,run,QSIM-XXZ_q5_d8,2,6.641424199970061,0.03341639999780455,6.674840599967865,6.641424199970061,0.03341639999780455
FullCompilation,FullComp,0,run,QAOA-3reg_q15_d8,65,6.674840599967865,0.06842669999969075,6.743267299967556,6.674840599967865,0.06842669999969075
FullCompilation,FullComp,0,run,LinearEnt_q13_d6,19,6.743267299967556,0.08142029999726219,6.824687599964818,6.743267299967556,0.08142029999726219
FullCompilation,FullComp,0,run,VQE-Full_q5_d2,27,6.824687599964818,0.03188659999796073,6.856574199962779,6.824687599964818,0.03188659999796073
FullCompilation,FullComp,0,run,QSIM-XXZ_q15_d8,66,6.856574199962779,0.0693810000011581,6.925955199963937,6.856574199962779,0.0693810000011581
FullCompilation,FullComp,0,run,GHZ-Chain_q5_d2,17,6.925955199963937,0.0486319999981788,6.974587199962116,6.925955199963937,0.0486319999981788
FullCompilation,FullComp,0,run,RCA_q7_d2,34,6.974587199962116,0.04754080000202521,7.022127999964141,6.974587199962116,0.04754080000202521
FullCompilation,FullComp,0,run,QAOA-3reg_q15_d6,6,7.022127999964141,0.06328690000009374,7.085414899964235,7.022127999964141,0.06328690000009374
FullCompilation,FullComp,0,run,QFT-Like_q5_d4,67,7.085414899964235,0.06077250000089407,7.146187399965129,7.085414899964235,0.06077250000089407
FullCompilation,FullComp,0,run,GHZ-Chain_q15_d4,68,7.146187399965129,0.040621800002554664,7.1868091999676835,7.146187399965129,0.040621800002554664
FullCompilation,FullComp,0,run,QSIM-XXZ_q5_d4,29,7.1868091999676835,0.05736879999676603,7.2441779999644496,7.1868091999676835,0.05736879999676603
FullCompilation,FullComp,0,run,QSIM-XXZ_q5_d6,4,7.2441779999644496,0.04860259999986738,7.292780599964317,7.2441779999644496,0.04860259999986738
FullCompilation,FullComp,0,run,GHZ-Chain_q15_d2,14,7.292780599964317,0.026745499999378808,7.319526099963696,7.292780599964317,0.026745499999378808
FullCompilation,FullComp,0,run,LinearEnt_q15_d6,69,7.319526099963696,0.09595279999848572,7.4154788999621815,7.319526099963696,0.09595279999848572
FullCompilation,FullComp,0,run,QFT-Like_q11_d2,63,7.4154788999621815,0.10016380000161007,7.5156426999637915,7.4154788999621815,0.10016380000161007
FullCompilation,FullComp,0,run,VQE-Full_q5_d2,27,7.5156426999637915,0.025647300004493445,7.541289999968285,7.5156426999637915,0.025647300004493445
FullCompilation,FullComp,0,run,VQE-Full_q7_d4,26,7.541289999968285,0.02504689999841503,7.5663368999667,7.541289999968285,0.02504689999841503
PR,Braket,1,run,QAOA-3reg_q13_d4,0,0.0,0.05289769999944838,0.05289769999944838,0.0,0.05289769999944838
PR,Braket,1,run,QSIM-XXZ_q5_d2,1,0.05289769999944838,0.028801900007238146,0.08169960000668652,0.05289769999944838,0.028801900007238146
PR,Braket,1,run,QSIM-XXZ_q5_d8,2,0.08169960000668652,0.034292599997570505,0.11599220000425703,0.08169960000668652,0.034292599997570505
PR,Braket,1,run,GHZ-Chain_q5_d8,3,0.11599220000425703,0.028582999999343883,0.1445752000036009,0.11599220000425703,0.028582999999343883
PR,Braket,1,run,QSIM-XXZ_q5_d6,4,0.1445752000036009,0.032499599998118356,0.17707480000171927,0.1445752000036009,0.032499599998118356
PR,Braket,1,run,QAOA-3reg_q15_d2,5,0.17707480000171927,0.08185910000247532,0.2589339000041946,0.17707480000171927,0.08185910000247532
PR,Braket,1,run,QAOA-3reg_q15_d6,6,0.2589339000041946,0.08263820000138367,0.34157210000557825,0.2589339000041946,0.08263820000138367
PR,Braket,1,run,QSIM-XXZ_q7_d2,7,0.34157210000557825,0.05461550000109128,0.3961876000066695,0.34157210000557825,0.05461550000109128
PR,Braket,1,run,QAOA-3reg_q15_d2,5,0.3961876000066695,0.011460499998065643,0.40764810000473517,0.3961876000066695,0.011460499998065643
PR,Braket,1,run,QSIM-XXZ_q15_d4,8,0.40764810000473517,0.082079399999202,0.48972750000393717,0.40764810000473517,0.082079399999202
PR,Braket,1,run,LinearEnt_q11_d6,9,0.48972750000393717,0.0692886000033468,0.559016100007284,0.48972750000393717,0.0692886000033468
PR,Braket,1,run,QAOA-3reg_q7_d2,10,0.559016100007284,0.032431400002678856,0.5914475000099628,0.559016100007284,0.032431400002678856
PR,Braket,1,run,QAOA-3reg_q15_d2,5,0.5914475000099628,0.009053199999470962,0.6005007000094338,0.5914475000099628,0.009053199999470962
PR,Braket,1,run,VQE-Full_q5_d8,11,0.6005007000094338,0.053703500001574866,0.6542042000110087,0.6005007000094338,0.053703500001574866
PR,Braket,1,run,VQE-Full_q13_d6,12,0.6542042000110087,0.05032180000489461,0.7045260000159033,0.6542042000110087,0.05032180000489461
PR,Braket,1,run,RCA_q13_d2,13,0.7045260000159033,0.02591759999995702,0.7304436000158603,0.7045260000159033,0.02591759999995702
PR,Braket,1,run,QAOA-3reg_q15_d6,6,0.7304436000158603,0.019265899998572422,0.7497095000144327,0.7304436000158603,0.019265899998572422
PR,Braket,1,run,QSIM-XXZ_q5_d8,2,0.7497095000144327,0.010043999998742947,0.7597535000131757,0.7497095000144327,0.010043999998742947
PR,Braket,1,run,GHZ-Chain_q15_d2,14,0.7597535000131757,0.05184209999788436,0.81159560001106,0.7597535000131757,0.05184209999788436
PR,Braket,1,run,LinearEnt_q11_d6,9,0.81159560001106,0.011285900000075344,0.8228815000111354,0.81159560001106,0.011285900000075344
PR,Braket,1,run,QSIM-XXZ_q5_d8,2,0.8228815000111354,0.009994300002290402,0.8328758000134258,0.8228815000111354,0.009994300002290402
PR,Braket,1,run,QSIM-XXZ_q5_d6,4,0.8328758000134258,0.008013700000446988,0.8408895000138727,0.8328758000134258,0.008013700000446988
PR,Braket,1,run,VQE-Full_q11_d4,15,0.8408895000138727,0.0379319999992731,0.8788215000131459,0.8408895000138727,0.0379319999992731
PR,Braket,1,run,GHZ-Chain_q13_d2,16,0.8788215000131459,0.02588140000079875,0.9047029000139446,0.8788215000131459,0.02588140000079875
PR,Braket,1,run,GHZ-Chain_q5_d8,3,0.9047029000139446,0.0023225000004458707,0.9070254000143905,0.9047029000139446,0.0023225000004458707
PR,Braket,1,run,GHZ-Chain_q5_d2,17,0.9070254000143905,0.024495400000887457,0.9315208000152779,0.9070254000143905,0.024495400000887457
PR,Braket,1,run,QSIM-XXZ_q11_d2,18,0.9315208000152779,0.030617099997471087,0.962137900012749,0.9315208000152779,0.030617099997471087
PR,Braket,1,run,LinearEnt_q13_d6,19,0.962137900012749,0.0407736000015575,1.0029115000143065,0.962137900012749,0.0407736000015575
PR,Braket,1,run,QAOA-3reg_q15_d6,6,1.0029115000143065,0.017707399998471374,1.0206189000127779,1.0029115000143065,0.017707399998471374
PR,Braket,1,run,QAOA-3reg_q13_d2,20,1.0206189000127779,0.06772990000172285,1.0883488000145007,1.0206189000127779,0.06772990000172285
PR,Braket,1,run,QAOA-3reg_q15_d6,6,1.0883488000145007,0.018684999999095453,1.1070338000135962,1.0883488000145007,0.018684999999095453
PR,Braket,1,run,LinearEnt_q15_d4,21,1.1070338000135962,0.06985999999960768,1.1768938000132039,1.1070338000135962,0.06985999999960768
PR,Braket,1,run,QSIM-XXZ_q5_d8,2,1.1768938000132039,0.010191299999860348,1.1870851000130642,1.1768938000132039,0.010191299999860348
PR,Braket,1,run,LinearEnt_q15_d4,21,1.1870851000130642,0.014181800001097145,1.2012669000141614,1.1870851000130642,0.014181800001097145
PR,Braket,1,run,LinearEnt_q13_d6,19,1.2012669000141614,0.01789419999840902,1.2191611000125704,1.2012669000141614,0.01789419999840902
PR,Braket,1,run,QSIM-XXZ_q7_d2,7,1.2191611000125704,0.005352799998945557,1.224513900011516,1.2191611000125704,0.005352799998945557
PR,Braket,1,run,GHZ-Chain_q15_d2,14,1.224513900011516,0.004643600001145387,1.2291575000126613,1.224513900011516,0.004643600001145387
PR,Braket,1,run,LinearEnt_q15_d4,21,1.2291575000126613,0.014709300001413794,1.2438668000140751,1.2291575000126613,0.014709300001413794
PR,Braket,1,run,QAOA-3reg_q7_d4,22,1.2438668000140751,0.0663964000013948,1.31026320001547,1.2438668000140751,0.0663964000013948
PR,Braket,1,run,LinearEnt_q11_d6,9,1.31026320001547,0.007542200000898447,1.3178054000163684,1.31026320001547,0.007542200000898447
PR,Braket,1,run,LinearEnt_q5_d4,23,1.3178054000163684,0.028319199998804834,1.3461246000151732,1.3178054000163684,0.028319199998804834
PR,Braket,1,run,GHZ-Chain_q13_d2,16,1.3461246000151732,0.0021481000003404915,1.3482727000155137,1.3461246000151732,0.0021481000003404915
PR,Braket,1,run,GHZ-Chain_q7_d2,24,1.3482727000155137,0.024399300000368385,1.372672000015882,1.3482727000155137,0.024399300000368385
PR,Braket,1,run,GHZ-Chain_q13_d8,25,1.372672000015882,0.029745699997874908,1.402417700013757,1.372672000015882,0.029745699997874908
PR,Braket,1,run,QSIM-XXZ_q5_d6,4,1.402417700013757,0.00440310000340105,1.406820800017158,1.402417700013757,0.00440310000340105
PR,Braket,1,run,VQE-Full_q7_d4,26,1.406820800017158,0.02621969999745488,1.433040500014613,1.406820800017158,0.02621969999745488
PR,Braket,1,run,GHZ-Chain_q5_d2,17,1.433040500014613,0.0014541000018652994,1.4344946000164782,1.433040500014613,0.0014541000018652994
PR,Braket,1,run,VQE-Full_q5_d2,27,1.4344946000164782,0.026092699998116586,1.4605873000145948,1.4344946000164782,0.026092699998116586
PR,Braket,1,run,VQE-Full_q11_d4,15,1.4605873000145948,0.029419200000120327,1.4900065000147151,1.4605873000145948,0.029419200000120327
PR,Braket,1,run,VQE-Full_q11_d2,28,1.4900065000147151,0.027997799999866402,1.5180043000145815,1.4900065000147151,0.027997799999866402
PR,Braket,1,run,QSIM-XXZ_q5_d4,29,1.5180043000145815,0.029236499998660292,1.5472408000132418,1.5180043000145815,0.029236499998660292
PR,Braket,1,run,QAOA-3reg_q7_d2,10,1.5472408000132418,0.002944000003481051,1.5501848000167229,1.5472408000132418,0.002944000003481051
PR,Braket,1,run,GHZ-Chain_q5_d2,17,1.5501848000167229,0.001961099995241966,1.5521459000119648,1.5501848000167229,0.001961099995241966
PR,Braket,1,run,QSIM-XXZ_q7_d6,30,1.5521459000119648,0.038144299996929476,1.5902902000088943,1.5521459000119648,0.038144299996929476
PR,Braket,1,run,RCA_q11_d8,31,1.5902902000088943,0.030414699998800643,1.620704900007695,1.5902902000088943,0.030414699998800643
PR,Braket,1,run,QSIM-XXZ_q7_d8,32,1.620704900007695,0.04194940000161296,1.662654300009308,1.620704900007695,0.04194940000161296
PR,Braket,1,run,RCA_q15_d2,33,1.662654300009308,0.030680100000608945,1.6933344000099169,1.662654300009308,0.030680100000608945
PR,Braket,1,run,QAOA-3reg_q13_d2,20,1.6933344000099169,0.012635399998544017,1.7059698000084609,1.6933344000099169,0.012635399998544017
PR,Braket,1,run,RCA_q7_d2,34,1.7059698000084609,0.05051380000077188,1.7564836000092328,1.7059698000084609,0.05051380000077188
PR,Braket,1,run,QAOA-3reg_q15_d2,5,1.7564836000092328,0.009418599998753052,1.7659022000079858,1.7564836000092328,0.009418599998753052
PR,Braket,1,run,VQE-Full_q11_d4,15,1.7659022000079858,0.060284999999566935,1.8261872000075527,1.7659022000079858,0.060284999999566935
PR,Braket,1,run,QSIM-XXZ_q13_d6,35,1.8261872000075527,0.059087000001454726,1.8852742000090075,1.8261872000075527,0.059087000001454726
PR,Braket,1,run,GHZ-Chain_q11_d8,36,1.8852742000090075,0.025534299998980714,1.9108085000079882,1.8852742000090075,0.025534299998980714
PR,Braket,1,run,GHZ-Chain_q11_d2,37,1.9108085000079882,0.025649200004409067,1.9364577000123973,1.9108085000079882,0.025649200004409067
PR,Braket,1,run,QSIM-XXZ_q7_d6,30,1.9364577000123973,0.006328000003122725,1.94278570001552,1.9364577000123973,0.006328000003122725
PR,Braket,1,run,LinearEnt_q5_d2,38,1.94278570001552,0.02473430000100052,1.9675200000165205,1.94278570001552,0.02473430000100052
PR,Braket,1,run,VQE-Full_q11_d2,28,1.9675200000165205,0.02931959999841638,1.9968396000149369,1.9675200000165205,0.02931959999841638
PR,Braket,1,run,QAOA-3reg_q13_d2,20,1.9968396000149369,0.007723999995505437,2.0045636000104423,1.9968396000149369,0.007723999995505437
PR,Braket,1,run,GHZ-Chain_q15_d8,39,2.0045636000104423,0.027883599999768194,2.0324472000102105,2.0045636000104423,0.027883599999768194
PR,Braket,1,run,QSIM-XXZ_q7_d8,32,2.0324472000102105,0.014940799999749288,2.04738800000996,2.0324472000102105,0.014940799999749288
PR,Braket,1,run,RCA_q11_d4,40,2.04738800000996,0.055245499999728054,2.102633500009688,2.04738800000996,0.055245499999728054
PR,Braket,1,run,LinearEnt_q11_d6,9,2.102633500009688,0.007228399997984525,2.1098619000076724,2.102633500009688,0.007228399997984525
PR,Braket,1,run,QAOA-3reg_q7_d8,41,2.1098619000076724,0.0442445000007865,2.154106400008459,2.1098619000076724,0.0442445000007865
PR,Braket,1,run,VQE-Full_q11_d8,42,2.154106400008459,0.03480019999915385,2.1889066000076127,2.154106400008459,0.03480019999915385
PR,Braket,1,run,LinearEnt_q5_d4,23,2.1889066000076127,0.002499599999282509,2.1914062000068952,2.1889066000076127,0.002499599999282509
PR,Braket,1,run,VQE-Full_q11_d4,15,2.1914062000068952,0.07858130000386154,2.2699875000107568,2.1914062000068952,0.07858130000386154
PR,Braket,1,run,QAOA-3reg_q13_d2,20,2.2699875000107568,0.008960100003605476,2.2789476000143623,2.2699875000107568,0.008960100003605476
PR,Braket,1,run,QSIM-XXZ_q13_d6,35,2.2789476000143623,0.020706800001789816,2.299654400016152,2.2789476000143623,0.020706800001789816
PR,Braket,1,run,QSIM-XXZ_q7_d8,32,2.299654400016152,0.00730469999689376,2.306959100013046,2.299654400016152,0.00730469999689376
PR,Braket,1,run,RCA_q7_d4,43,2.306959100013046,0.028434900003048824,2.3353940000160947,2.306959100013046,0.028434900003048824
PR,Braket,1,run,GHZ-Chain_q5_d2,17,2.3353940000160947,0.0017760999980964698,2.337170100014191,2.3353940000160947,0.0017760999980964698
PR,Braket,1,run,QSIM-XXZ_q13_d6,35,2.337170100014191,0.022361600000294857,2.359531700014486,2.337170100014191,0.022361600000294857
PR,Braket,1,run,LinearEnt_q5_d4,23,2.359531700014486,0.0022396000022126827,2.3617713000166987,2.359531700014486,0.0022396000022126827
PR,Braket,1,run,VQE-Full_q11_d4,15,2.3617713000166987,0.03207470000415924,2.393846000020858,2.3617713000166987,0.03207470000415924
PR,Braket,1,run,VQE-Full_q7_d4,26,2.393846000020858,0.02952999999979511,2.423376000020653,2.393846000020858,0.02952999999979511
PR,Braket,1,run,RCA_q15_d2,33,2.423376000020653,0.032313199997588526,2.4556892000182415,2.423376000020653,0.032313199997588526
PR,Braket,1,run,LinearEnt_q15_d8,44,2.4556892000182415,0.08579439999812166,2.541483600016363,2.4556892000182415,0.08579439999812166
PR,Braket,1,run,VQE-Full_q7_d4,26,2.541483600016363,0.053052600003866246,2.5945362000202294,2.541483600016363,0.053052600003866246
PR,Braket,1,run,QFT-Like_q15_d6,45,2.5945362000202294,0.17886859999998705,2.7734048000202165,2.5945362000202294,0.17886859999998705
PR,Braket,1,run,GHZ-Chain_q7_d6,46,2.7734048000202165,0.0466472000007343,2.820052000020951,2.7734048000202165,0.0466472000007343
PR,Braket,1,run,QAOA-3reg_q15_d2,5,2.820052000020951,0.01347669999813661,2.8335287000190874,2.820052000020951,0.01347669999813661
PR,Braket,1,run,GHZ-Chain_q15_d2,14,2.8335287000190874,0.00432830000136164,2.837857000020449,2.8335287000190874,0.00432830000136164
PR,Braket,1,run,GHZ-Chain_q13_d4,47,2.837857000020449,0.05499740000232123,2.8928544000227703,2.837857000020449,0.05499740000232123
PR,Braket,1,run,QSIM-XXZ_q5_d8,2,2.8928544000227703,0.010656999998900574,2.903511400021671,2.8928544000227703,0.010656999998900574
PR,Braket,1,run,QSIM-XXZ_q5_d4,29,2.903511400021671,0.003796699998929398,2.9073081000206002,2.903511400021671,0.003796699998929398
PR,Braket,1,run,QSIM-XXZ_q7_d8,32,2.9073081000206002,0.007935100002214313,2.9152432000228146,2.9073081000206002,0.007935100002214313
PR,Braket,1,run,QFT-Like_q5_d6,48,2.9152432000228146,0.035797000004095025,2.9510402000269096,2.9152432000228146,0.035797000004095025
PR,Braket,1,run,LinearEnt_q15_d4,21,2.9510402000269096,0.009020199999213219,2.960060400026123,2.9510402000269096,0.009020199999213219
PR,Braket,1,run,QSIM-XXZ_q5_d6,4,2.960060400026123,0.009772999997949228,2.969833400024072,2.960060400026123,0.009772999997949228
PR,Braket,1,run,RCA_q5_d2,49,2.969833400024072,0.05107060000227648,3.0209040000263485,2.969833400024072,0.05107060000227648
PR,Braket,1,run,QSIM-XXZ_q11_d6,50,3.0209040000263485,0.09965560000273399,3.1205596000290825,3.0209040000263485,0.09965560000273399
PR,Braket,1,run,QSIM-XXZ_q7_d8,32,3.1205596000290825,0.009164600000076462,3.129724200029159,3.1205596000290825,0.009164600000076462
PR,Braket,1,run,LinearEnt_q15_d4,21,3.129724200029159,0.009162900001683738,3.1388871000308427,3.129724200029159,0.009162900001683738
PR,Braket,1,run,VQE-Full_q5_d6,51,3.1388871000308427,0.053734800003439886,3.1926219000342826,3.1388871000308427,0.053734800003439886
PR,Braket,1,run,LinearEnt_q7_d6,52,3.1926219000342826,0.04616170000008424,3.238783600034367,3.1926219000342826,0.04616170000008424
PR,Braket,1,run,VQE-Full_q13_d2,53,3.238783600034367,0.028093599998101126,3.266877200032468,3.238783600034367,0.028093599998101126
PR,Braket,1,run,QAOA-3reg_q15_d6,6,3.266877200032468,0.01887680000072578,3.2857540000331937,3.266877200032468,0.01887680000072578
PR,Braket,1,run,QAOA-3reg_q7_d2,10,3.2857540000331937,0.005950300001131836,3.2917043000343256,3.2857540000331937,0.005950300001131836
PR,Braket,1,run,VQE-Full_q13_d4,54,3.2917043000343256,0.06241790000058245,3.354122200034908,3.2917043000343256,0.06241790000058245
PR,Braket,1,run,LinearEnt_q5_d6,55,3.354122200034908,0.03337509999983013,3.387497300034738,3.354122200034908,0.03337509999983013
PR,Braket,1,run,RCA_q13_d6,56,3.387497300034738,0.03472259999762173,3.42221990003236,3.387497300034738,0.03472259999762173
PR,Braket,1,run,GHZ-Chain_q7_d4,57,3.42221990003236,0.028287100001762155,3.450507000034122,3.42221990003236,0.028287100001762155
PR,Braket,1,run,QFT-Like_q7_d2,58,3.450507000034122,0.03537709999727667,3.4858841000313987,3.450507000034122,0.03537709999727667
PR,Braket,1,run,QSIM-XXZ_q5_d8,2,3.4858841000313987,0.006803999996918719,3.4926881000283174,3.4858841000313987,0.006803999996918719
PR,Braket,1,run,QFT-Like_q7_d6,59,3.4926881000283174,0.04454989999794634,3.5372380000262638,3.4926881000283174,0.04454989999794634
PR,Braket,1,run,GHZ-Chain_q7_d6,46,3.5372380000262638,0.0017894999982672743,3.539027500024531,3.5372380000262638,0.0017894999982672743
PR,Braket,1,run,QAOA-3reg_q13_d2,20,3.539027500024531,0.008267500001238659,3.5472950000257697,3.539027500024531,0.008267500001238659
PR,Braket,1,run,QSIM-XXZ_q11_d6,50,3.5472950000257697,0.010522500000661239,3.557817500026431,3.5472950000257697,0.010522500000661239
PR,Braket,1,run,QSIM-XXZ_q13_d6,35,3.557817500026431,0.02084860000104527,3.578666100027476,3.557817500026431,0.02084860000104527
PR,Braket,1,run,LinearEnt_q7_d4,60,3.578666100027476,0.027858800000103656,3.60652490002758,3.578666100027476,0.027858800000103656
PR,Braket,1,run,VQE-Full_q15_d8,61,3.60652490002758,0.04027700000006007,3.64680190002764,3.60652490002758,0.04027700000006007
PR,Braket,1,run,QSIM-XXZ_q11_d6,50,3.64680190002764,0.019691499997861683,3.6664934000255016,3.64680190002764,0.019691499997861683
PR,Braket,1,run,QFT-Like_q13_d4,62,3.6664934000255016,0.09939939999821945,3.765892800023721,3.6664934000255016,0.09939939999821945
PR,Braket,1,run,VQE-Full_q13_d4,54,3.765892800023721,0.030365500002517365,3.7962583000262384,3.765892800023721,0.030365500002517365
PR,Braket,1,run,QFT-Like_q5_d6,48,3.7962583000262384,0.033206000000063796,3.8294643000263022,3.7962583000262384,0.033206000000063796
PR,Braket,1,run,QSIM-XXZ_q5_d4,29,3.8294643000263022,0.004033500001241919,3.833497800027544,3.8294643000263022,0.004033500001241919
PR,Braket,1,run,QFT-Like_q11_d2,63,3.833497800027544,0.057480400002532406,3.8909782000300766,3.833497800027544,0.057480400002532406
PR,Braket,1,run,LinearEnt_q11_d6,9,3.8909782000300766,0.005685200001607882,3.8966634000316844,3.8909782000300766,0.005685200001607882
PR,Braket,1,run,QSIM-XXZ_q7_d2,7,3.8966634000316844,0.002999600001203362,3.899663000032888,3.8966634000316844,0.002999600001203362
PR,Braket,1,run,QSIM-XXZ_q5_d6,4,3.899663000032888,0.006183200002851663,3.9058462000357395,3.899663000032888,0.006183200002851663
PR,Braket,1,run,VQE-Full_q11_d4,15,3.9058462000357395,0.02842090000558528,3.9342671000413247,3.9058462000357395,0.02842090000558528
PR,Braket,1,run,LinearEnt_q13_d4,64,3.9342671000413247,0.03207730000212905,3.966344400043454,3.9342671000413247,0.03207730000212905
PR,Braket,1,run,QSIM-XXZ_q5_d8,2,3.966344400043454,0.005832500002725283,3.972176900046179,3.966344400043454,0.005832500002725283
PR,Braket,1,run,QSIM-XXZ_q5_d8,2,3.972176900046179,0.005773399996542139,3.977950300042721,3.972176900046179,0.005773399996542139
PR,Braket,1,run,QAOA-3reg_q15_d8,65,3.977950300042721,0.06928730000072392,4.047237600043445,3.977950300042721,0.06928730000072392
PR,Braket,1,run,LinearEnt_q13_d6,19,4.047237600043445,0.01735720000215224,4.064594800045597,4.047237600043445,0.01735720000215224
PR,Braket,1,run,VQE-Full_q5_d2,27,4.064594800045597,0.04834779999873717,4.1129426000443345,4.064594800045597,0.04834779999873717
PR,Braket,1,run,QSIM-XXZ_q15_d8,66,4.1129426000443345,0.06956609999542707,4.182508700039762,4.1129426000443345,0.06956609999542707
PR,Braket,1,run,GHZ-Chain_q5_d2,17,4.182508700039762,0.0018150000032619573,4.184323700043024,4.182508700039762,0.0018150000032619573
PR,Braket,1,run,RCA_q7_d2,34,4.184323700043024,0.048204200003965525,4.232527900046989,4.184323700043024,0.048204200003965525
PR,Braket,1,run,QAOA-3reg_q15_d6,6,4.232527900046989,0.017109599997638725,4.249637500044628,4.232527900046989,0.017109599997638725
PR,Braket,1,run,QFT-Like_q5_d4,67,4.249637500044628,0.05829079999602982,4.307928300040658,4.249637500044628,0.05829079999602982
PR,Braket,1,run,GHZ-Chain_q15_d4,68,4.307928300040658,0.03935100000308012,4.347279300043738,4.307928300040658,0.03935100000308012
PR,Braket,1,run,QSIM-XXZ_q5_d4,29,4.347279300043738,0.006365099998220103,4.353644400041958,4.347279300043738,0.006365099998220103
PR,Braket,1,run,QSIM-XXZ_q5_d6,4,4.353644400041958,0.008349900002940558,4.361994300044898,4.353644400041958,0.008349900002940558
PR,Braket,1,run,GHZ-Chain_q15_d2,14,4.361994300044898,0.003851299999951152,4.36584560004485,4.361994300044898,0.003851299999951152
PR,Braket,1,run,LinearEnt_q15_d6,69,4.36584560004485,0.08158510000066599,4.4474307000455156,4.36584560004485,0.08158510000066599
PR,Braket,1,run,QFT-Like_q11_d2,63,4.4474307000455156,0.09180249999917578,4.539233200044691,4.4474307000455156,0.09180249999917578
PR,Braket,1,run,VQE-Full_q5_d2,27,4.539233200044691,0.027254099997662706,4.566487300042354,4.539233200044691,0.027254099997662706
PR,Braket,1,run,VQE-Full_q7_d4,26,4.566487300042354,0.025775199999770848,4.592262500042125,4.566487300042354,0.025775199999770848
FS,CCache,2,run,QAOA-3reg_q13_d4,0,0.0,0.07264139999460895,0.07264139999460895,0.0,0.07264139999460895
FS,CCache,2,run,QSIM-XXZ_q5_d2,1,0.07264139999460895,0.025793299999349983,0.09843469999395893,0.07264139999460895,0.025793299999349983
FS,CCache,2,run,QSIM-XXZ_q5_d8,2,0.09843469999395893,0.034805300001607975,0.1332399999955669,0.09843469999395893,0.034805300001607975
FS,CCache,2,run,GHZ-Chain_q5_d8,3,0.1332399999955669,0.025723200000356883,0.1589631999959238,0.1332399999955669,0.025723200000356883
FS,CCache,2,run,QSIM-XXZ_q5_d6,4,0.1589631999959238,0.03038139999989653,0.18934459999582032,0.1589631999959238,0.03038139999989653
FS,CCache,2,run,QAOA-3reg_q15_d2,5,0.18934459999582032,0.037302699998690514,0.22664729999451083,0.18934459999582032,0.037302699998690514
FS,CCache,2,run,QAOA-3reg_q15_d6,6,0.22664729999451083,0.09802540000237059,0.3246726999968814,0.22664729999451083,0.09802540000237059
FS,CCache,2,run,QSIM-XXZ_q7_d2,7,0.3246726999968814,0.05355580000104965,0.37822849999793107,0.3246726999968814,0.05355580000104965
FS,CCache,2,run,QAOA-3reg_q15_d2,5,0.37822849999793107,0.009870599998976104,0.38809909999690717,0.37822849999793107,0.009870599998976104
FS,CCache,2,run,QSIM-XXZ_q15_d4,8,0.38809909999690717,0.08981260000291513,0.4779116999998223,0.38809909999690717,0.08981260000291513
FS,CCache,2,run,LinearEnt_q11_d6,9,0.4779116999998223,0.07518560000244179,0.5530973000022641,0.4779116999998223,0.07518560000244179
FS,CCache,2,run,QAOA-3reg_q7_d2,10,0.5530973000022641,0.04261160000169184,0.5957089000039559,0.5530973000022641,0.04261160000169184
FS,CCache,2,run,QAOA-3reg_q15_d2,5,0.5957089000039559,0.0077825000043958426,0.6034914000083518,0.5957089000039559,0.0077825000043958426
FS,CCache,2,run,VQE-Full_q5_d8,11,0.6034914000083518,0.05288780000046245,0.6563792000088142,0.6034914000083518,0.05288780000046245
FS,CCache,2,run,VQE-Full_q13_d6,12,0.6563792000088142,0.05199910000010277,0.708378300008917,0.6563792000088142,0.05199910000010277
FS,CCache,2,run,RCA_q13_d2,13,0.708378300008917,0.02674479999768664,0.7351231000066036,0.708378300008917,0.02674479999768664
FS,CCache,2,run,QAOA-3reg_q15_d6,6,0.7351231000066036,0.015056999996886589,0.7501801000034902,0.7351231000066036,0.015056999996886589
FS,CCache,2,run,QSIM-XXZ_q5_d8,2,0.7501801000034902,0.007305799997993745,0.757485900001484,0.7501801000034902,0.007305799997993745
FS,CCache,2,run,GHZ-Chain_q15_d2,14,0.757485900001484,0.052271399999881396,0.8097573000013654,0.757485900001484,0.052271399999881396
FS,CCache,2,run,LinearEnt_q11_d6,9,0.8097573000013654,0.008120500002405606,0.817877800003771,0.8097573000013654,0.008120500002405606
FS,CCache,2,run,QSIM-XXZ_q5_d8,2,0.817877800003771,0.007522700001572957,0.8254005000053439,0.817877800003771,0.007522700001572957
FS,CCache,2,run,QSIM-XXZ_q5_d6,4,0.8254005000053439,0.006334899997455068,0.831735400002799,0.8254005000053439,0.006334899997455068
FS,CCache,2,run,VQE-Full_q11_d4,15,0.831735400002799,0.0561686999972153,0.8879041000000143,0.831735400002799,0.0561686999972153
FS,CCache,2,run,GHZ-Chain_q13_d2,16,0.8879041000000143,0.05887380000058329,0.9467779000005976,0.8879041000000143,0.05887380000058329
FS,CCache,2,run,GHZ-Chain_q5_d8,3,0.9467779000005976,0.0013030999980401248,0.9480809999986377,0.9467779000005976,0.0013030999980401248
FS,CCache,2,run,GHZ-Chain_q5_d2,17,0.9480809999986377,0.025448200001847,0.9735292000004847,0.9480809999986377,0.025448200001847
FS,CCache,2,run,QSIM-XXZ_q11_d2,18,0.9735292000004847,0.031970299995009555,1.0054994999954943,0.9735292000004847,0.031970299995009555
FS,CCache,2,run,LinearEnt_q13_d6,19,1.0054994999954943,0.04610279999906197,1.0516022999945562,1.0054994999954943,0.04610279999906197
FS,CCache,2,run,QAOA-3reg_q15_d6,6,1.0516022999945562,0.015904600000794744,1.067506899995351,1.0516022999945562,0.015904600000794744
FS,CCache,2,run,QAOA-3reg_q13_d2,20,1.067506899995351,0.06970089999958873,1.1372077999949397,1.067506899995351,0.06970089999958873
FS,CCache,2,run,QAOA-3reg_q15_d6,6,1.1372077999949397,0.014376900002389448,1.1515846999973292,1.1372077999949397,0.014376900002389448
FS,CCache,2,run,LinearEnt_q15_d4,21,1.1515846999973292,0.07834829999774229,1.2299329999950714,1.1515846999973292,0.07834829999774229
FS,CCache,2,run,QSIM-XXZ_q5_d8,2,1.2299329999950714,0.007822300001862459,1.237755299996934,1.2299329999950714,0.007822300001862459
FS,CCache,2,run,LinearEnt_q15_d4,21,1.237755299996934,0.010010199996031588,1.2477654999929655,1.237755299996934,0.010010199996031588
FS,CCache,2,run,LinearEnt_q13_d6,19,1.2477654999929655,0.011938800002099015,1.2597042999950645,1.2477654999929655,0.011938800002099015
FS,CCache,2,run,QSIM-XXZ_q7_d2,7,1.2597042999950645,0.00412760000108392,1.2638318999961484,1.2597042999950645,0.00412760000108392
FS,CCache,2,run,GHZ-Chain_q15_d2,14,1.2638318999961484,0.0033197000047948677,1.2671516000009433,1.2638318999961484,0.0033197000047948677
FS,CCache,2,run,LinearEnt_q15_d4,21,1.2671516000009433,0.009894099999655737,1.277045700000599,1.2671516000009433,0.009894099999655737
FS,CCache,2,run,QAOA-3reg_q7_d4,22,1.277045700000599,0.0678797000036866,1.3449254000042856,1.277045700000599,0.0678797000036866
FS,CCache,2,run,LinearEnt_q11_d6,9,1.3449254000042856,0.007678000001760665,1.3526034000060463,1.3449254000042856,0.007678000001760665
FS,CCache,2,run,LinearEnt_q5_d4,23,1.3526034000060463,0.03454290000081528,1.3871463000068616,1.3526034000060463,0.03454290000081528
FS,CCache,2,run,GHZ-Chain_q13_d2,16,1.3871463000068616,0.0020112999991397373,1.3891576000060013,1.3871463000068616,0.0020112999991397373
FS,CCache,2,run,GHZ-Chain_q7_d2,24,1.3891576000060013,0.030107399994449224,1.4192650000004505,1.3891576000060013,0.030107399994449224
FS,CCache,2,run,GHZ-Chain_q13_d8,25,1.4192650000004505,0.036048600002686726,1.4553136000031373,1.4192650000004505,0.036048600002686726
FS,CCache,2,run,QSIM-XXZ_q5_d6,4,1.4553136000031373,0.003949799996917136,1.4592634000000544,1.4553136000031373,0.003949799996917136
FS,CCache,2,run,VQE-Full_q7_d4,26,1.4592634000000544,0.027463099999295082,1.4867264999993495,1.4592634000000544,0.027463099999295082
FS,CCache,2,run,GHZ-Chain_q5_d2,17,1.4867264999993495,0.0011828000024252106,1.4879093000017747,1.4867264999993495,0.0011828000024252106
FS,CCache,2,run,VQE-Full_q5_d2,27,1.4879093000017747,0.023986900003365008,1.5118962000051397,1.4879093000017747,0.023986900003365008
FS,CCache,2,run,VQE-Full_q11_d4,15,1.5118962000051397,0.0033533000023453496,1.515249500007485,1.5118962000051397,0.0033533000023453496
FS,CCache,2,run,VQE-Full_q11_d2,28,1.515249500007485,0.026540599999862025,1.541790100007347,1.515249500007485,0.026540599999862025
FS,CCache,2,run,QSIM-XXZ_q5_d4,29,1.541790100007347,0.03060890000051586,1.572399000007863,1.541790100007347,0.03060890000051586
FS,CCache,2,run,QAOA-3reg_q7_d2,10,1.572399000007863,0.0035041999981331173,1.575903200005996,1.572399000007863,0.0035041999981331173
FS,CCache,2,run,GHZ-Chain_q5_d2,17,1.575903200005996,0.0012361999979475513,1.5771394000039436,1.575903200005996,0.0012361999979475513
FS,CCache,2,run,QSIM-XXZ_q7_d6,30,1.5771394000039436,0.03701100000034785,1.6141504000042914,1.5771394000039436,0.03701100000034785
FS,CCache,2,run,RCA_q11_d8,31,1.6141504000042914,0.03103180000107386,1.6451822000053653,1.6141504000042914,0.03103180000107386
FS,CCache,2,run,QSIM-XXZ_q7_d8,32,1.6451822000053653,0.04177280000294559,1.686955000008311,1.6451822000053653,0.04177280000294559
FS,CCache,2,run,RCA_q15_d2,33,1.686955000008311,0.027592800001002615,1.7145478000093135,1.686955000008311,0.027592800001002615
FS,CCache,2,run,QAOA-3reg_q13_d2,20,1.7145478000093135,0.010416700002679136,1.7249645000119926,1.7145478000093135,0.010416700002679136
FS,CCache,2,run,RCA_q7_d2,34,1.7249645000119926,0.046667800001159776,1.7716323000131524,1.7249645000119926,0.046667800001159776
FS,CCache,2,run,QAOA-3reg_q15_d2,5,1.7716323000131524,0.010340699995140312,1.7819730000082927,1.7716323000131524,0.010340699995140312
FS,CCache,2,run,VQE-Full_q11_d4,15,1.7819730000082927,0.006314499998552492,1.7882875000068452,1.7819730000082927,0.006314499998552492
FS,CCache,2,run,QSIM-XXZ_q13_d6,35,1.7882875000068452,0.09303559999898425,1.8813231000058295,1.7882875000068452,0.09303559999898425
FS,CCache,2,run,GHZ-Chain_q11_d8,36,1.8813231000058295,0.02713900000162539,1.9084621000074549,1.8813231000058295,0.02713900000162539
FS,CCache,2,run,GHZ-Chain_q11_d2,37,1.9084621000074549,0.024051599993981654,1.9325137000014365,1.9084621000074549,0.024051599993981654
FS,CCache,2,run,QSIM-XXZ_q7_d6,30,1.9325137000014365,0.004450899999937974,1.9369646000013745,1.9325137000014365,0.004450899999937974
FS,CCache,2,run,LinearEnt_q5_d2,38,1.9369646000013745,0.02716810000492842,1.964132700006303,1.9369646000013745,0.02716810000492842
FS,CCache,2,run,VQE-Full_q11_d2,28,1.964132700006303,0.002409500000794651,1.9665422000070976,1.964132700006303,0.002409500000794651
FS,CCache,2,run,QAOA-3reg_q13_d2,20,1.9665422000070976,0.0068685000005643815,1.973410700007662,1.9665422000070976,0.0068685000005643815
FS,CCache,2,run,GHZ-Chain_q15_d8,39,1.973410700007662,0.028447400000004563,2.0018581000076665,1.973410700007662,0.028447400000004563
FS,CCache,2,run,QSIM-XXZ_q7_d8,32,2.0018581000076665,0.010665400001016678,2.012523500008683,2.0018581000076665,0.010665400001016678
FS,CCache,2,run,RCA_q11_d4,40,2.012523500008683,0.052005300003656885,2.06452880001234,2.012523500008683,0.052005300003656885
FS,CCache,2,run,LinearEnt_q11_d6,9,2.06452880001234,0.007593299997097347,2.0721221000094374,2.06452880001234,0.007593299997097347
FS,CCache,2,run,QAOA-3reg_q7_d8,41,2.0721221000094374,0.04291659999944386,2.1150387000088813,2.0721221000094374,0.04291659999944386
FS,CCache,2,run,VQE-Full_q11_d8,42,2.1150387000088813,0.03826350000235834,2.1533022000112396,2.1150387000088813,0.03826350000235834
FS,CCache,2,run,LinearEnt_q5_d4,23,2.1533022000112396,0.0016600000017206185,2.1549622000129602,2.1533022000112396,0.0016600000017206185
FS,CCache,2,run,VQE-Full_q11_d4,15,2.1549622000129602,0.0030999000045994762,2.1580621000175597,2.1549622000129602,0.0030999000045994762
FS,CCache,2,run,QAOA-3reg_q13_d2,20,2.1580621000175597,0.006864899998618057,2.1649270000161778,2.1580621000175597,0.006864899998618057
FS,CCache,2,run,QSIM-XXZ_q13_d6,35,2.1649270000161778,0.01823000000513275,2.1831570000213105,2.1649270000161778,0.01823000000513275
FS,CCache,2,run,QSIM-XXZ_q7_d8,32,2.1831570000213105,0.005832800001371652,2.188989800022682,2.1831570000213105,0.005832800001371652
FS,CCache,2,run,RCA_q7_d4,43,2.188989800022682,0.026448500000697095,2.2154383000233793,2.188989800022682,0.026448500000697095
FS,CCache,2,run,GHZ-Chain_q5_d2,17,2.2154383000233793,0.0012287999998079613,2.2166671000231872,2.2154383000233793,0.0012287999998079613
FS,CCache,2,run,QSIM-XXZ_q13_d6,35,2.2166671000231872,0.01794069999959902,2.2346078000227863,2.2166671000231872,0.01794069999959902
FS,CCache,2,run,LinearEnt_q5_d4,23,2.2346078000227863,0.001797900000383379,2.2364057000231696,2.2346078000227863,0.001797900000383379
FS,CCache,2,run,VQE-Full_q11_d4,15,2.2364057000231696,0.0038930000009713694,2.240298700024141,2.2364057000231696,0.0038930000009713694
FS,CCache,2,run,VQE-Full_q7_d4,26,2.240298700024141,0.002286799997818889,2.24258550002196,2.240298700024141,0.002286799997818889
FS,CCache,2,run,RCA_q15_d2,33,2.24258550002196,0.0030675999987579416,2.245653100020718,2.24258550002196,0.0030675999987579416
FS,CCache,2,run,LinearEnt_q15_d8,44,2.245653100020718,0.09701469999708934,2.342667800017807,2.245653100020718,0.09701469999708934
FS,CCache,2,run,VQE-Full_q7_d4,26,2.342667800017807,0.0036810000019613653,2.3463488000197685,2.342667800017807,0.0036810000019613653
FS,CCache,2,run,QFT-Like_q15_d6,45,2.3463488000197685,0.2037664000017685,2.550115200021537,2.3463488000197685,0.2037664000017685
FS,CCache,2,run,GHZ-Chain_q7_d6,46,2.550115200021537,0.04587240000546444,2.5959876000270015,2.550115200021537,0.04587240000546444
FS,CCache,2,run,QAOA-3reg_q15_d2,5,2.5959876000270015,0.010358799994719448,2.606346400021721,2.5959876000270015,0.010358799994719448
FS,CCache,2,run,GHZ-Chain_q15_d2,14,2.606346400021721,0.003290100001322571,2.6096365000230435,2.606346400021721,0.003290100001322571
FS,CCache,2,run,GHZ-Chain_q13_d4,47,2.6096365000230435,0.049118999999336665,2.65875550002238,2.6096365000230435,0.049118999999336665
FS,CCache,2,run,QSIM-XXZ_q5_d8,2,2.65875550002238,0.0075992999991285615,2.6663548000215087,2.65875550002238,0.0075992999991285615
FS,CCache,2,run,QSIM-XXZ_q5_d4,29,2.6663548000215087,0.004714099999546306,2.671068900021055,2.6663548000215087,0.004714099999546306
FS,CCache,2,run,QSIM-XXZ_q7_d8,32,2.671068900021055,0.010617600000841776,2.681686500021897,2.671068900021055,0.010617600000841776
FS,CCache,2,run,QFT-Like_q5_d6,48,2.681686500021897,0.03233350000300561,2.7140200000249024,2.681686500021897,0.03233350000300561
FS,CCache,2,run,LinearEnt_q15_d4,21,2.7140200000249024,0.00599290000172914,2.7200129000266315,2.7140200000249024,0.00599290000172914
FS,CCache,2,run,QSIM-XXZ_q5_d6,4,2.7200129000266315,0.006514600001537474,2.726527500028169,2.7200129000266315,0.006514600001537474
FS,CCache,2,run,RCA_q5_d2,49,2.726527500028169,0.045722699996986194,2.772250200025155,2.726527500028169,0.045722699996986194
FS,CCache,2,run,QSIM-XXZ_q11_d6,50,2.772250200025155,0.060265600001002895,2.832515800026158,2.772250200025155,0.060265600001002895
FS,CCache,2,run,QSIM-XXZ_q7_d8,32,2.832515800026158,0.005746099999669241,2.8382619000258273,2.832515800026158,0.005746099999669241
FS,CCache,2,run,LinearEnt_q15_d4,21,2.8382619000258273,0.008363699998881202,2.8466256000247085,2.8382619000258273,0.008363699998881202
FS,CCache,2,run,VQE-Full_q5_d6,51,2.8466256000247085,0.05053499999849009,2.8971606000231986,2.8466256000247085,0.05053499999849009
FS,CCache,2,run,LinearEnt_q7_d6,52,2.8971606000231986,0.054236100004345644,2.9513967000275443,2.8971606000231986,0.054236100004345644
FS,CCache,2,run,VQE-Full_q13_d2,53,2.9513967000275443,0.027584800001932308,2.9789815000294766,2.9513967000275443,0.027584800001932308
FS,CCache,2,run,QAOA-3reg_q15_d6,6,2.9789815000294766,0.014619700003095204,2.993601200032572,2.9789815000294766,0.014619700003095204
FS,CCache,2,run,QAOA-3reg_q7_d2,10,2.993601200032572,0.004527100001723738,2.9981283000342955,2.993601200032572,0.004527100001723738
FS,CCache,2,run,VQE-Full_q13_d4,54,2.9981283000342955,0.06231619999743998,3.0604445000317355,2.9981283000342955,0.06231619999743998
FS,CCache,2,run,LinearEnt_q5_d6,55,3.0604445000317355,0.03967150000244146,3.100116000034177,3.0604445000317355,0.03967150000244146
FS,CCache,2,run,RCA_q13_d6,56,3.100116000034177,0.032620500001939945,3.132736500036117,3.100116000034177,0.032620500001939945
FS,CCache,2,run,GHZ-Chain_q7_d4,57,3.132736500036117,0.025178200001391815,3.1579147000375087,3.132736500036117,0.025178200001391815
FS,CCache,2,run,QFT-Like_q7_d2,58,3.1579147000375087,0.03716279999935068,3.1950775000368594,3.1579147000375087,0.03716279999935068
FS,CCache,2,run,QSIM-XXZ_q5_d8,2,3.1950775000368594,0.003959100002248306,3.1990366000391077,3.1950775000368594,0.003959100002248306
FS,CCache,2,run,QFT-Like_q7_d6,59,3.1990366000391077,0.04543250000278931,3.244469100041897,3.1990366000391077,0.04543250000278931
FS,CCache,2,run,GHZ-Chain_q7_d6,46,3.244469100041897,0.0015163000025495421,3.2459854000444466,3.244469100041897,0.0015163000025495421
FS,CCache,2,run,QAOA-3reg_q13_d2,20,3.2459854000444466,0.006727299998601666,3.2527127000430482,3.2459854000444466,0.006727299998601666
FS,CCache,2,run,QSIM-XXZ_q11_d6,50,3.2527127000430482,0.008862199996656273,3.2615749000397045,3.2527127000430482,0.008862199996656273
FS,CCache,2,run,QSIM-XXZ_q13_d6,35,3.2615749000397045,0.018743299999187002,3.2803182000388915,3.2615749000397045,0.018743299999187002
FS,CCache,2,run,LinearEnt_q7_d4,60,3.2803182000388915,0.03096499999810476,3.3112832000369963,3.2803182000388915,0.03096499999810476
FS,CCache,2,run,VQE-Full_q15_d8,61,3.3112832000369963,0.041841399997792905,3.353124600034789,3.3112832000369963,0.041841399997792905
FS,CCache,2,run,QSIM-XXZ_q11_d6,50,3.353124600034789,0.014535199999954784,3.367659800034744,3.353124600034789,0.014535199999954784
FS,CCache,2,run,QFT-Like_q13_d4,62,3.367659800034744,0.11071870000159834,3.4783785000363423,3.367659800034744,0.11071870000159834
FS,CCache,2,run,VQE-Full_q13_d4,54,3.4783785000363423,0.0044596000043384265,3.4828381000406807,3.4783785000363423,0.0044596000043384265
FS,CCache,2,run,QFT-Like_q5_d6,48,3.4828381000406807,0.002394899998762412,3.485233000039443,3.4828381000406807,0.002394899998762412
FS,CCache,2,run,QSIM-XXZ_q5_d4,29,3.485233000039443,0.002391500001976965,3.48762450004142,3.485233000039443,0.002391500001976965
FS,CCache,2,run,QFT-Like_q11_d2,63,3.48762450004142,0.05633790000138106,3.543962400042801,3.48762450004142,0.05633790000138106
FS,CCache,2,run,LinearEnt_q11_d6,9,3.543962400042801,0.00485349999871687,3.548815900041518,3.543962400042801,0.00485349999871687
FS,CCache,2,run,QSIM-XXZ_q7_d2,7,3.548815900041518,0.0022812999995949212,3.551097200041113,3.548815900041518,0.0022812999995949212
FS,CCache,2,run,QSIM-XXZ_q5_d6,4,3.551097200041113,0.0031946999988576863,3.5542919000399706,3.551097200041113,0.0031946999988576863
FS,CCache,2,run,VQE-Full_q11_d4,15,3.5542919000399706,0.003055300003325101,3.5573472000432957,3.5542919000399706,0.003055300003325101
FS,CCache,2,run,LinearEnt_q13_d4,64,3.5573472000432957,0.03897320000032778,3.5963204000436235,3.5573472000432957,0.03897320000032778
FS,CCache,2,run,QSIM-XXZ_q5_d8,2,3.5963204000436235,0.0040609999996377155,3.6003814000432612,3.5963204000436235,0.0040609999996377155
FS,CCache,2,run,QSIM-XXZ_q5_d8,2,3.6003814000432612,0.003727199997229036,3.6041086000404903,3.6003814000432612,0.003727199997229036
FS,CCache,2,run,QAOA-3reg_q15_d8,65,3.6041086000404903,0.07074420000208193,3.674852800042572,3.6041086000404903,0.07074420000208193
FS,CCache,2,run,LinearEnt_q13_d6,19,3.674852800042572,0.011238099999900442,3.6860909000424726,3.674852800042572,0.011238099999900442
FS,CCache,2,run,VQE-Full_q5_d2,27,3.6860909000424726,0.002533500002755318,3.688624400045228,3.6860909000424726,0.002533500002755318
FS,CCache,2,run,QSIM-XXZ_q15_d8,66,3.688624400045228,0.09059479999996256,3.7792192000451905,3.688624400045228,0.09059479999996256
FS,CCache,2,run,GHZ-Chain_q5_d2,17,3.7792192000451905,0.00204239999584388,3.7812616000410344,3.7792192000451905,0.00204239999584388
FS,CCache,2,run,RCA_q7_d2,34,3.7812616000410344,0.0023844999996072147,3.7836461000406416,3.7812616000410344,0.0023844999996072147
FS,CCache,2,run,QAOA-3reg_q15_d6,6,3.7836461000406416,0.022442199999204604,3.806088300039846,3.7836461000406416,0.022442199999204604
FS,CCache,2,run,QFT-Like_q5_d4,67,3.806088300039846,0.057357699999556644,3.863446000039403,3.806088300039846,0.057357699999556644
FS,CCache,2,run,GHZ-Chain_q15_d4,68,3.863446000039403,0.04061389999696985,3.9040599000363727,3.863446000039403,0.04061389999696985
FS,CCache,2,run,QSIM-XXZ_q5_d4,29,3.9040599000363727,0.004748700001073303,3.908808600037446,3.9040599000363727,0.004748700001073303
FS,CCache,2,run,QSIM-XXZ_q5_d6,4,3.908808600037446,0.006023800000548363,3.9148324000379944,3.908808600037446,0.006023800000548363
FS,CCache,2,run,GHZ-Chain_q15_d2,14,3.9148324000379944,0.003211599996575387,3.9180440000345698,3.9148324000379944,0.003211599996575387
FS,CCache,2,run,LinearEnt_q15_d6,69,3.9180440000345698,0.09252670000205399,4.010570700036624,3.9180440000345698,0.09252670000205399
FS,CCache,2,run,QFT-Like_q11_d2,63,4.010570700036624,0.007244700002047466,4.017815400038671,4.010570700036624,0.007244700002047466
FS,CCache,2,run,VQE-Full_q5_d2,27,4.017815400038671,0.002452900000207592,4.020268300038879,4.017815400038671,0.002452900000207592
FS,CCache,2,run,VQE-Full_q7_d4,26,4.020268300038879,0.0037044000018795487,4.023972700040758,4.020268300038879,0.0037044000018795487
FS+Pre+ttl+SE+ema,TransCache,3,run,QAOA-3reg_q13_d4,0,0.0,0.05075530000249273,0.05075530000249273,0.0,0.05075530000249273
FS+Pre+ttl+SE+ema,TransCache,3,run,QSIM-XXZ_q5_d2,1,0.05075530000249273,0.02574770000137505,0.07650300000386778,0.05075530000249273,0.02574770000137505
FS+Pre+ttl+SE+ema,TransCache,3,run,QSIM-XXZ_q5_d8,2,0.07650300000386778,0.006581400000868598,0.08308440000473638,0.07650300000386778,0.006581400000868598
FS+Pre+ttl+SE+ema,TransCache,3,run,GHZ-Chain_q5_d8,3,0.08308440000473638,0.023658899997826666,0.10674330000256305,0.08308440000473638,0.023658899997826666
FS+Pre+ttl+SE+ema,TransCache,3,run,QSIM-XXZ_q5_d6,4,0.10674330000256305,0.003488199999992503,0.11023150000255555,0.10674330000256305,0.003488199999992503
FS+Pre+ttl+SE+ema,TransCache,3,run,QAOA-3reg_q15_d2,5,0.11023150000255555,0.009439400000701426,0.11967090000325697,0.11023150000255555,0.009439400000701426
FS+Pre+ttl+SE+ema,TransCache,3,run,QAOA-3reg_q15_d6,6,0.11967090000325697,0.022331099997245474,0.14200200000050245,0.11967090000325697,0.022331099997245474
FS+Pre+ttl+SE+ema,TransCache,3,run,QSIM-XXZ_q7_d2,7,0.14200200000050245,0.05587269999887212,0.19787469999937457,0.14200200000050245,0.05587269999887212
FS+Pre+ttl+SE+ema,TransCache,3,run,QAOA-3reg_q15_d2,5,0.19787469999937457,0.010475399998540524,0.2083500999979151,0.19787469999937457,0.010475399998540524
FS+Pre+ttl+SE+ema,TransCache,3,run,QSIM-XXZ_q15_d4,8,0.2083500999979151,0.08720179999727407,0.29555189999518916,0.2083500999979151,0.08720179999727407
FS+Pre+ttl+SE+ema,TransCache,3,run,LinearEnt_q11_d6,9,0.29555189999518916,0.040268699998705415,0.3358205999938946,0.29555189999518916,0.040268699998705415
FS+Pre+ttl+SE+ema,TransCache,3,run,QAOA-3reg_q7_d2,10,0.3358205999938946,0.02822609999930137,0.36404669999319594,0.3358205999938946,0.02822609999930137
FS+Pre+ttl+SE+ema,TransCache,3,run,QAOA-3reg_q15_d2,5,0.36404669999319594,0.007784199999150587,0.37183089999234653,0.36404669999319594,0.007784199999150587
FS+Pre+ttl+SE+ema,TransCache,3,run,VQE-Full_q5_d8,11,0.37183089999234653,0.053365200001280755,0.4251960999936273,0.37183089999234653,0.053365200001280755
FS+Pre+ttl+SE+ema,TransCache,3,run,VQE-Full_q13_d6,12,0.4251960999936273,0.050323800001933705,0.475519899995561,0.4251960999936273,0.050323800001933705
FS+Pre+ttl+SE+ema,TransCache,3,run,RCA_q13_d2,13,0.475519899995561,0.028303500002948567,0.5038233999985096,0.475519899995561,0.028303500002948567
FS+Pre+ttl+SE+ema,TransCache,3,run,QAOA-3reg_q15_d6,6,0.5038233999985096,0.014820999997027684,0.5186443999955372,0.5038233999985096,0.014820999997027684
FS+Pre+ttl+SE+ema,TransCache,3,run,QSIM-XXZ_q5_d8,2,0.5186443999955372,0.007196499998826766,0.525840899994364,0.5186443999955372,0.007196499998826766
FS+Pre+ttl+SE+ema,TransCache,3,run,GHZ-Chain_q15_d2,14,0.525840899994364,0.049150700000609504,0.5749915999949735,0.525840899994364,0.049150700000609504
FS+Pre+ttl+SE+ema,TransCache,3,run,LinearEnt_q11_d6,9,0.5749915999949735,0.007543299994722474,0.582534899989696,0.5749915999949735,0.007543299994722474
FS+Pre+ttl+SE+ema,TransCache,3,run,QSIM-XXZ_q5_d8,2,0.582534899989696,0.004375700002128724,0.5869105999918247,0.582534899989696,0.004375700002128724
FS+Pre+ttl+SE+ema,TransCache,3,run,QSIM-XXZ_q5_d6,4,0.5869105999918247,0.0031901999973342754,0.590100799989159,0.5869105999918247,0.0031901999973342754
FS+Pre+ttl+SE+ema,TransCache,3,run,VQE-Full_q11_d4,15,0.590100799989159,0.029126800000085495,0.6192275999892445,0.590100799989159,0.029126800000085495
FS+Pre+ttl+SE+ema,TransCache,3,run,GHZ-Chain_q13_d2,16,0.6192275999892445,0.023976200001925463,0.6432037999911699,0.6192275999892445,0.023976200001925463
FS+Pre+ttl+SE+ema,TransCache,3,run,GHZ-Chain_q5_d8,3,0.6432037999911699,0.0018571000000520144,0.645060899991222,0.6432037999911699,0.0018571000000520144
FS+Pre+ttl+SE+ema,TransCache,3,run,GHZ-Chain_q5_d2,17,0.645060899991222,0.028241200001502875,0.6733020999927248,0.645060899991222,0.028241200001502875
FS+Pre+ttl+SE+ema,TransCache,3,run,QSIM-XXZ_q11_d2,18,0.6733020999927248,0.03022899999996298,0.7035310999926878,0.6733020999927248,0.03022899999996298
FS+Pre+ttl+SE+ema,TransCache,3,run,LinearEnt_q13_d6,19,0.7035310999926878,0.04438730000401847,0.7479183999967063,0.7035310999926878,0.04438730000401847
FS+Pre+ttl+SE+ema,TransCache,3,run,QAOA-3reg_q15_d6,6,0.7479183999967063,0.016881700001249555,0.7648000999979558,0.7479183999967063,0.016881700001249555
FS+Pre+ttl+SE+ema,TransCache,3,run,QAOA-3reg_q13_d2,20,0.7648000999979558,0.06955699999889475,0.8343570999968506,0.7648000999979558,0.06955699999889475
FS+Pre+ttl+SE+ema,TransCache,3,run,QAOA-3reg_q15_d6,6,0.8343570999968506,0.013770400004432304,0.8481275000012829,0.8343570999968506,0.013770400004432304
FS+Pre+ttl+SE+ema,TransCache,3,run,LinearEnt_q15_d4,21,0.8481275000012829,0.07683240000187652,0.9249599000031594,0.8481275000012829,0.07683240000187652
FS+Pre+ttl+SE+ema,TransCache,3,run,QSIM-XXZ_q5_d8,2,0.9249599000031594,0.008232799998950213,0.9331927000021096,0.9249599000031594,0.008232799998950213
FS+Pre+ttl+SE+ema,TransCache,3,run,LinearEnt_q15_d4,21,0.9331927000021096,0.00920140000016545,0.9423941000022751,0.9331927000021096,0.00920140000016545
FS+Pre+ttl+SE+ema,TransCache,3,run,LinearEnt_q13_d6,19,0.9423941000022751,0.011360999997123145,0.9537550999993982,0.9423941000022751,0.011360999997123145
FS+Pre+ttl+SE+ema,TransCache,3,run,QSIM-XXZ_q7_d2,7,0.9537550999993982,0.0031908000019029714,0.9569459000013012,0.9537550999993982,0.0031908000019029714
FS+Pre+ttl+SE+ema,TransCache,3,run,GHZ-Chain_q15_d2,14,0.9569459000013012,0.0031807000013941433,0.9601266000026953,0.9569459000013012,0.0031807000013941433
FS+Pre+ttl+SE+ema,TransCache,3,run,LinearEnt_q15_d4,21,0.9601266000026953,0.009994299998652423,0.9701209000013478,0.9601266000026953,0.009994299998652423
FS+Pre+ttl+SE+ema,TransCache,3,run,QAOA-3reg_q7_d4,22,0.9701209000013478,0.06378209999820683,1.0339029999995546,0.9701209000013478,0.06378209999820683
FS+Pre+ttl+SE+ema,TransCache,3,run,LinearEnt_q11_d6,9,1.0339029999995546,0.007385200002318015,1.0412882000018726,1.0339029999995546,0.007385200002318015
FS+Pre+ttl+SE+ema,TransCache,3,run,LinearEnt_q5_d4,23,1.0412882000018726,0.029780999997456092,1.0710691999993287,1.0412882000018726,0.029780999997456092
FS+Pre+ttl+SE+ema,TransCache,3,run,GHZ-Chain_q13_d2,16,1.0710691999993287,0.002782299998216331,1.073851499997545,1.0710691999993287,0.002782299998216331
FS+Pre+ttl+SE+ema,TransCache,3,run,GHZ-Chain_q7_d2,24,1.073851499997545,0.02387269999962882,1.0977241999971739,1.073851499997545,0.02387269999962882
FS+Pre+ttl+SE+ema,TransCache,3,run,GHZ-Chain_q13_d8,25,1.0977241999971739,0.025413399998797104,1.123137599995971,1.0977241999971739,0.025413399998797104
FS+Pre+ttl+SE+ema,TransCache,3,run,QSIM-XXZ_q5_d6,4,1.123137599995971,0.00369940000018687,1.1268369999961578,1.123137599995971,0.00369940000018687
FS+Pre+ttl+SE+ema,TransCache,3,run,VQE-Full_q7_d4,26,1.1268369999961578,0.02888370000073337,1.1557206999968912,1.1268369999961578,0.02888370000073337
FS+Pre+ttl+SE+ema,TransCache,3,run,GHZ-Chain_q5_d2,17,1.1557206999968912,0.0011845999979414046,1.1569052999948326,1.1557206999968912,0.0011845999979414046
FS+Pre+ttl+SE+ema,TransCache,3,run,VQE-Full_q5_d2,27,1.1569052999948326,0.024372300002141856,1.1812775999969745,1.1569052999948326,0.024372300002141856
FS+Pre+ttl+SE+ema,TransCache,3,run,VQE-Full_q11_d4,15,1.1812775999969745,0.003765599998587277,1.1850431999955617,1.1812775999969745,0.003765599998587277
FS+Pre+ttl+SE+ema,TransCache,3,run,VQE-Full_q11_d2,28,1.1850431999955617,0.025892899997415952,1.2109360999929777,1.1850431999955617,0.025892899997415952
FS+Pre+ttl+SE+ema,TransCache,3,run,QSIM-XXZ_q5_d4,29,1.2109360999929777,0.030823899996903492,1.2417599999898812,1.2109360999929777,0.030823899996903492
FS+Pre+ttl+SE+ema,TransCache,3,run,QAOA-3reg_q7_d2,10,1.2417599999898812,0.029956500002299435,1.2717164999921806,1.2417599999898812,0.029956500002299435
FS+Pre+ttl+SE+ema,TransCache,3,run,GHZ-Chain_q5_d2,17,1.2717164999921806,0.001247000000148546,1.2729634999923292,1.2717164999921806,0.001247000000148546
FS+Pre+ttl+SE+ema,TransCache,3,run,QSIM-XXZ_q7_d6,30,1.2729634999923292,0.03696280000076513,1.3099262999930943,1.2729634999923292,0.03696280000076513
FS+Pre+ttl+SE+ema,TransCache,3,run,RCA_q11_d8,31,1.3099262999930943,0.03030149999904097,1.3402277999921353,1.3099262999930943,0.03030149999904097
FS+Pre+ttl+SE+ema,TransCache,3,run,QSIM-XXZ_q7_d8,32,1.3402277999921353,0.04371779999928549,1.3839455999914207,1.3402277999921353,0.04371779999928549
FS+Pre+ttl+SE+ema,TransCache,3,run,RCA_q15_d2,33,1.3839455999914207,0.028540799998154398,1.4124863999895751,1.3839455999914207,0.028540799998154398
FS+Pre+ttl+SE+ema,TransCache,3,run,QAOA-3reg_q13_d2,20,1.4124863999895751,0.010964100001729093,1.4234504999913042,1.4124863999895751,0.010964100001729093
FS+Pre+ttl+SE+ema,TransCache,3,run,RCA_q7_d2,34,1.4234504999913042,0.04740240000319318,1.4708528999944974,1.4234504999913042,0.04740240000319318
FS+Pre+ttl+SE+ema,TransCache,3,run,QAOA-3reg_q15_d2,5,1.4708528999944974,0.010378399998444365,1.4812312999929418,1.4708528999944974,0.010378399998444365
FS+Pre+ttl+SE+ema,TransCache,3,run,VQE-Full_q11_d4,15,1.4812312999929418,0.005660800001351163,1.486892099994293,1.4812312999929418,0.005660800001351163
FS+Pre+ttl+SE+ema,TransCache,3,run,QSIM-XXZ_q13_d6,35,1.486892099994293,0.058975999996619066,1.545868099990912,1.486892099994293,0.058975999996619066
FS+Pre+ttl+SE+ema,TransCache,3,run,GHZ-Chain_q11_d8,36,1.545868099990912,0.025469399999565212,1.5713374999904772,1.545868099990912,0.025469399999565212
FS+Pre+ttl+SE+ema,TransCache,3,run,GHZ-Chain_q11_d2,37,1.5713374999904772,0.02543590000277618,1.5967733999932534,1.5713374999904772,0.02543590000277618
FS+Pre+ttl+SE+ema,TransCache,3,run,QSIM-XXZ_q7_d6,30,1.5967733999932534,0.0044479000025603455,1.6012212999958138,1.5967733999932534,0.0044479000025603455
FS+Pre+ttl+SE+ema,TransCache,3,run,LinearEnt_q5_d2,38,1.6012212999958138,0.02689969999846653,1.6281209999942803,1.6012212999958138,0.02689969999846653
FS+Pre+ttl+SE+ema,TransCache,3,run,VQE-Full_q11_d2,28,1.6281209999942803,0.003164199999446282,1.6312851999937266,1.6281209999942803,0.003164199999446282
FS+Pre+ttl+SE+ema,TransCache,3,run,QAOA-3reg_q13_d2,20,1.6312851999937266,0.00658829999883892,1.6378734999925655,1.6312851999937266,0.00658829999883892
FS+Pre+ttl+SE+ema,TransCache,3,run,GHZ-Chain_q15_d8,39,1.6378734999925655,0.030551100004231557,1.668424599996797,1.6378734999925655,0.030551100004231557
FS+Pre+ttl+SE+ema,TransCache,3,run,QSIM-XXZ_q7_d8,32,1.668424599996797,0.010357099999964703,1.6787816999967617,1.668424599996797,0.010357099999964703
FS+Pre+ttl+SE+ema,TransCache,3,run,RCA_q11_d4,40,1.6787816999967617,0.0286588999988453,1.707440599995607,1.6787816999967617,0.0286588999988453
FS+Pre+ttl+SE+ema,TransCache,3,run,LinearEnt_q11_d6,9,1.707440599995607,0.004591699998854892,1.712032299994462,1.707440599995607,0.004591699998854892
FS+Pre+ttl+SE+ema,TransCache,3,run,QAOA-3reg_q7_d8,41,1.712032299994462,0.040486999994755024,1.752519299989217,1.712032299994462,0.040486999994755024
FS+Pre+ttl+SE+ema,TransCache,3,run,VQE-Full_q11_d8,42,1.752519299989217,0.03680290000193054,1.7893221999911475,1.752519299989217,0.03680290000193054
FS+Pre+ttl+SE+ema,TransCache,3,run,LinearEnt_q5_d4,23,1.7893221999911475,0.0017717999980959576,1.7910939999892435,1.7893221999911475,0.0017717999980959576
FS+Pre+ttl+SE+ema,TransCache,3,run,VQE-Full_q11_d4,15,1.7910939999892435,0.003737300001375843,1.7948312999906193,1.7910939999892435,0.003737300001375843
FS+Pre+ttl+SE+ema,TransCache,3,run,QAOA-3reg_q13_d2,20,1.7948312999906193,0.008105099997919751,1.802936399988539,1.7948312999906193,0.008105099997919751
FS+Pre+ttl+SE+ema,TransCache,3,run,QSIM-XXZ_q13_d6,35,1.802936399988539,0.017154699999082368,1.8200910999876214,1.802936399988539,0.017154699999082368
FS+Pre+ttl+SE+ema,TransCache,3,run,QSIM-XXZ_q7_d8,32,1.8200910999876214,0.006811499999457737,1.8269025999870792,1.8200910999876214,0.006811499999457737
FS+Pre+ttl+SE+ema,TransCache,3,run,RCA_q7_d4,43,1.8269025999870792,0.026558900004602037,1.8534614999916812,1.8269025999870792,0.026558900004602037
FS+Pre+ttl+SE+ema,TransCache,3,run,GHZ-Chain_q5_d2,17,1.8534614999916812,0.002180600000428967,1.8556420999921102,1.8534614999916812,0.002180600000428967
FS+Pre+ttl+SE+ema,TransCache,3,run,QSIM-XXZ_q13_d6,35,1.8556420999921102,0.01759189999938826,1.8732339999914984,1.8556420999921102,0.01759189999938826
FS+Pre+ttl+SE+ema,TransCache,3,run,LinearEnt_q5_d4,23,1.8732339999914984,0.0019845999995595776,1.875218599991058,1.8732339999914984,0.0019845999995595776
FS+Pre+ttl+SE+ema,TransCache,3,run,VQE-Full_q11_d4,15,1.875218599991058,0.003110900001047412,1.8783294999921054,1.875218599991058,0.003110900001047412
FS+Pre+ttl+SE+ema,TransCache,3,run,VQE-Full_q7_d4,26,1.8783294999921054,0.0026360000010754447,1.8809654999931809,1.8783294999921054,0.0026360000010754447
FS+Pre+ttl+SE+ema,TransCache,3,run,RCA_q15_d2,33,1.8809654999931809,0.004071799998200731,1.8850372999913816,1.8809654999931809,0.004071799998200731
FS+Pre+ttl+SE+ema,TransCache,3,run,LinearEnt_q15_d8,44,1.8850372999913816,0.09692469999936293,1.9819619999907445,1.8850372999913816,0.09692469999936293
FS+Pre+ttl+SE+ema,TransCache,3,run,VQE-Full_q7_d4,26,1.9819619999907445,0.00356419999661739,1.985526199987362,1.9819619999907445,0.00356419999661739
FS+Pre+ttl+SE+ema,TransCache,3,run,QFT-Like_q15_d6,45,1.985526199987362,0.1715479000013147,2.1570740999886766,1.985526199987362,0.1715479000013147
FS+Pre+ttl+SE+ema,TransCache,3,run,GHZ-Chain_q7_d6,46,2.1570740999886766,0.04757460000109859,2.204648699989775,2.1570740999886766,0.04757460000109859
FS+Pre+ttl+SE+ema,TransCache,3,run,QAOA-3reg_q15_d2,5,2.204648699989775,0.008233700002165278,2.2128823999919405,2.204648699989775,0.008233700002165278
FS+Pre+ttl+SE+ema,TransCache,3,run,GHZ-Chain_q15_d2,14,2.2128823999919405,0.0034590000032039825,2.2163413999951445,2.2128823999919405,0.0034590000032039825
FS+Pre+ttl+SE+ema,TransCache,3,run,GHZ-Chain_q13_d4,47,2.2163413999951445,0.048054499999125255,2.2643958999942697,2.2163413999951445,0.048054499999125255
FS+Pre+ttl+SE+ema,TransCache,3,run,QSIM-XXZ_q5_d8,2,2.2643958999942697,0.007884700000431621,2.2722805999947013,2.2643958999942697,0.007884700000431621
FS+Pre+ttl+SE+ema,TransCache,3,run,QSIM-XXZ_q5_d4,29,2.2722805999947013,0.004894199999398552,2.2771747999941,2.2722805999947013,0.004894199999398552
FS+Pre+ttl+SE+ema,TransCache,3,run,QSIM-XXZ_q7_d8,32,2.2771747999941,0.006623500001296634,2.2837982999953965,2.2771747999941,0.006623500001296634
FS+Pre+ttl+SE+ema,TransCache,3,run,QFT-Like_q5_d6,48,2.2837982999953965,0.03381430000081309,2.3176125999962096,2.2837982999953965,0.03381430000081309
FS+Pre+ttl+SE+ema,TransCache,3,run,LinearEnt_q15_d4,21,2.3176125999962096,0.006445799997891299,2.324058399994101,2.3176125999962096,0.006445799997891299
FS+Pre+ttl+SE+ema,TransCache,3,run,QSIM-XXZ_q5_d6,4,2.324058399994101,0.006004799997754162,2.330063199991855,2.324058399994101,0.006004799997754162
FS+Pre+ttl+SE+ema,TransCache,3,run,RCA_q5_d2,49,2.330063199991855,0.04604099999778555,2.3761041999896406,2.330063199991855,0.04604099999778555
FS+Pre+ttl+SE+ema,TransCache,3,run,QSIM-XXZ_q11_d6,50,2.3761041999896406,0.04715380000197911,2.4232579999916197,2.3761041999896406,0.04715380000197911
FS+Pre+ttl+SE+ema,TransCache,3,run,QSIM-XXZ_q7_d8,32,2.4232579999916197,0.005547600001591491,2.428805599993211,2.4232579999916197,0.005547600001591491
FS+Pre+ttl+SE+ema,TransCache,3,run,LinearEnt_q15_d4,21,2.428805599993211,0.008736499999940861,2.437542099993152,2.428805599993211,0.008736499999940861
FS+Pre+ttl+SE+ema,TransCache,3,run,VQE-Full_q5_d6,51,2.437542099993152,0.05084289999649627,2.4883849999896483,2.437542099993152,0.05084289999649627
FS+Pre+ttl+SE+ema,TransCache,3,run,LinearEnt_q7_d6,52,2.4883849999896483,0.05130109999663546,2.539686099986284,2.4883849999896483,0.05130109999663546
FS+Pre+ttl+SE+ema,TransCache,3,run,VQE-Full_q13_d2,53,2.539686099986284,0.03031619999819668,2.5700022999844805,2.539686099986284,0.03031619999819668
FS+Pre+ttl+SE+ema,TransCache,3,run,QAOA-3reg_q15_d6,6,2.5700022999844805,0.014546800000971416,2.584549099985452,2.5700022999844805,0.014546800000971416
FS+Pre+ttl+SE+ema,TransCache,3,run,QAOA-3reg_q7_d2,10,2.584549099985452,0.004545799998595612,2.5890948999840475,2.584549099985452,0.004545799998595612
FS+Pre+ttl+SE+ema,TransCache,3,run,VQE-Full_q13_d4,54,2.5890948999840475,0.05845489999774145,2.647549799981789,2.5890948999840475,0.05845489999774145
FS+Pre+ttl+SE+ema,TransCache,3,run,LinearEnt_q5_d6,55,2.647549799981789,0.04232940000292729,2.6898791999847163,2.647549799981789,0.04232940000292729
FS+Pre+ttl+SE+ema,TransCache,3,run,RCA_q13_d6,56,2.6898791999847163,0.03457659999912721,2.7244557999838435,2.6898791999847163,0.03457659999912721
FS+Pre+ttl+SE+ema,TransCache,3,run,GHZ-Chain_q7_d4,57,2.7244557999838435,0.023934400000143796,2.7483901999839873,2.7244557999838435,0.023934400000143796
FS+Pre+ttl+SE+ema,TransCache,3,run,QFT-Like_q7_d2,58,2.7483901999839873,0.03717830000096001,2.7855684999849473,2.7483901999839873,0.03717830000096001
FS+Pre+ttl+SE+ema,TransCache,3,run,QSIM-XXZ_q5_d8,2,2.7855684999849473,0.004025899997941451,2.7895943999828887,2.7855684999849473,0.004025899997941451
FS+Pre+ttl+SE+ema,TransCache,3,run,QFT-Like_q7_d6,59,2.7895943999828887,0.04599849999794969,2.8355928999808384,2.7895943999828887,0.04599849999794969
FS+Pre+ttl+SE+ema,TransCache,3,run,GHZ-Chain_q7_d6,46,2.8355928999808384,0.002057900001091184,2.8376507999819296,2.8355928999808384,0.002057900001091184
FS+Pre+ttl+SE+ema,TransCache,3,run,QAOA-3reg_q13_d2,20,2.8376507999819296,0.007123200000933139,2.8447739999828627,2.8376507999819296,0.007123200000933139
FS+Pre+ttl+SE+ema,TransCache,3,run,QSIM-XXZ_q11_d6,50,2.8447739999828627,0.00912350000362494,2.8538974999864877,2.8447739999828627,0.00912350000362494
FS+Pre+ttl+SE+ema,TransCache,3,run,QSIM-XXZ_q13_d6,35,2.8538974999864877,0.01779069999975036,2.871688199986238,2.8538974999864877,0.01779069999975036
FS+Pre+ttl+SE+ema,TransCache,3,run,LinearEnt_q7_d4,60,2.871688199986238,0.032939700002316386,2.9046278999885544,2.871688199986238,0.032939700002316386
FS+Pre+ttl+SE+ema,TransCache,3,run,VQE-Full_q15_d8,61,2.9046278999885544,0.04036860000269371,2.944996499991248,2.9046278999885544,0.04036860000269371
FS+Pre+ttl+SE+ema,TransCache,3,run,QSIM-XXZ_q11_d6,50,2.944996499991248,0.014271000000007916,2.959267499991256,2.944996499991248,0.014271000000007916
FS+Pre+ttl+SE+ema,TransCache,3,run,QFT-Like_q13_d4,62,2.959267499991256,0.11219980000169016,3.071467299992946,2.959267499991256,0.11219980000169016
FS+Pre+ttl+SE+ema,TransCache,3,run,VQE-Full_q13_d4,54,3.071467299992946,0.004800200000318,3.076267499993264,3.071467299992946,0.004800200000318
FS+Pre+ttl+SE+ema,TransCache,3,run,QFT-Like_q5_d6,48,3.076267499993264,0.003806000000622589,3.080073499993887,3.076267499993264,0.003806000000622589
FS+Pre+ttl+SE+ema,TransCache,3,run,QSIM-XXZ_q5_d4,29,3.080073499993887,0.0031435999990208074,3.0832170999929076,3.080073499993887,0.0031435999990208074
FS+Pre+ttl+SE+ema,TransCache,3,run,QFT-Like_q11_d2,63,3.0832170999929076,0.05638510000062524,3.139602199993533,3.0832170999929076,0.05638510000062524
FS+Pre+ttl+SE+ema,TransCache,3,run,LinearEnt_q11_d6,9,3.139602199993533,0.004489800001465483,3.1440919999949983,3.139602199993533,0.004489800001465483
FS+Pre+ttl+SE+ema,TransCache,3,run,QSIM-XXZ_q7_d2,7,3.1440919999949983,0.002607400001579663,3.146699399996578,3.1440919999949983,0.002607400001579663
FS+Pre+ttl+SE+ema,TransCache,3,run,QSIM-XXZ_q5_d6,4,3.146699399996578,0.0033143000000563916,3.1500136999966344,3.146699399996578,0.0033143000000563916
FS+Pre+ttl+SE+ema,TransCache,3,run,VQE-Full_q11_d4,15,3.1500136999966344,0.00414719999753288,3.1541608999941673,3.1500136999966344,0.00414719999753288
FS+Pre+ttl+SE+ema,TransCache,3,run,LinearEnt_q13_d4,64,3.1541608999941673,0.03761250000025029,3.1917733999944176,3.1541608999941673,0.03761250000025029
FS+Pre+ttl+SE+ema,TransCache,3,run,QSIM-XXZ_q5_d8,2,3.1917733999944176,0.003911200001311954,3.1956845999957295,3.1917733999944176,0.003911200001311954
FS+Pre+ttl+SE+ema,TransCache,3,run,QSIM-XXZ_q5_d8,2,3.1956845999957295,0.004576600000291364,3.200261199996021,3.1956845999957295,0.004576600000291364
FS+Pre+ttl+SE+ema,TransCache,3,run,QAOA-3reg_q15_d8,65,3.200261199996021,0.07089849999829312,3.271159699994314,3.200261199996021,0.07089849999829312
FS+Pre+ttl+SE+ema,TransCache,3,run,LinearEnt_q13_d6,19,3.271159699994314,0.007345600002736319,3.2785052999970503,3.271159699994314,0.007345600002736319
FS+Pre+ttl+SE+ema,TransCache,3,run,VQE-Full_q5_d2,27,3.2785052999970503,0.0299213000034797,3.30842660000053,3.2785052999970503,0.0299213000034797
FS+Pre+ttl+SE+ema,TransCache,3,run,QSIM-XXZ_q15_d8,66,3.30842660000053,0.06785350000063772,3.3762801000011677,3.30842660000053,0.06785350000063772
FS+Pre+ttl+SE+ema,TransCache,3,run,GHZ-Chain_q5_d2,17,3.3762801000011677,0.0021882000037294347,3.378468300004897,3.3762801000011677,0.0021882000037294347
FS+Pre+ttl+SE+ema,TransCache,3,run,RCA_q7_d2,34,3.378468300004897,0.002282800000102725,3.380751100005,3.378468300004897,0.002282800000102725
FS+Pre+ttl+SE+ema,TransCache,3,run,QAOA-3reg_q15_d6,6,3.380751100005,0.015860500003327616,3.3966116000083275,3.380751100005,0.015860500003327616
FS+Pre+ttl+SE+ema,TransCache,3,run,QFT-Like_q5_d4,67,3.3966116000083275,0.05773329999647103,3.4543449000047985,3.3966116000083275,0.05773329999647103
FS+Pre+ttl+SE+ema,TransCache,3,run,GHZ-Chain_q15_d4,68,3.4543449000047985,0.037166400004934985,3.4915113000097335,3.4543449000047985,0.037166400004934985
FS+Pre+ttl+SE+ema,TransCache,3,run,QSIM-XXZ_q5_d4,29,3.4915113000097335,0.0048337000007450115,3.4963450000104785,3.4915113000097335,0.0048337000007450115
FS+Pre+ttl+SE+ema,TransCache,3,run,QSIM-XXZ_q5_d6,4,3.4963450000104785,0.005857399999513291,3.502202400009992,3.4963450000104785,0.005857399999513291
FS+Pre+ttl+SE+ema,TransCache,3,run,GHZ-Chain_q15_d2,14,3.502202400009992,0.0033554000001458917,3.5055578000101377,3.502202400009992,0.0033554000001458917
FS+Pre+ttl+SE+ema,TransCache,3,run,LinearEnt_q15_d6,69,3.5055578000101377,0.08851359999971464,3.5940714000098524,3.5055578000101377,0.08851359999971464
FS+Pre+ttl+SE+ema,TransCache,3,run,QFT-Like_q11_d2,63,3.5940714000098524,0.006822800001828,3.6008942000116804,3.5940714000098524,0.006822800001828
FS+Pre+ttl+SE+ema,TransCache,3,run,VQE-Full_q5_d2,27,3.6008942000116804,0.0024334999980055727,3.603327700009686,3.6008942000116804,0.0024334999980055727
FS+Pre+ttl+SE+ema,TransCache,3,run,VQE-Full_q7_d4,26,3.603327700009686,0.0036574000005202834,3.6069851000102062,3.603327700009686,0.0036574000005202834
